user_id,order_id,purchase_ts,ship_ts,refund_ts,product_name,product_id,usd_price,purchase_platform,marketing_channel,account_creation_method,country_code,purchase_y,purchase_ym,purchase_ymd,purchase_ymw,purchase_q,ship_y,ship_ym,ship_ymd,ship_ymw,ship_q
994ab136,01454de09e164831,2020-01-20,2019-12-14,,JBL Quantum 100 Gaming Headset,ab0f,24.0,website,direct,desktop,US,2020,2020-01,2020-01-20,2020-01-20/2020-01-26,2020Q1,2019,2019-12,2019-12-14,2019-12-09/2019-12-15,2019Q4
2294244d,02d913ca94017020,2020-01-30,2019-10-23,,Nintendo Switch,8d0d,168.0,website,direct,desktop,US,2020,2020-01,2020-01-30,2020-01-27/2020-02-02,2020Q1,2019,2019-10,2019-10-23,2019-10-21/2019-10-27,2019Q4
d234c0b2,034a1b478ac88733,2020-01-30,2019-10-12,,Nintendo Switch,8d0d,150.41,website,direct,desktop,GR,2020,2020-01,2020-01-30,2020-01-27/2020-02-02,2020Q1,2019,2019-10,2019-10-12,2019-10-07/2019-10-13,2019Q4
150ee711,03ee5bae23911602,2020-01-26,2019-12-12,,Nintendo Switch,8d0d,168.0,website,direct,desktop,US,2020,2020-01,2020-01-26,2020-01-20/2020-01-26,2020Q1,2019,2019-12,2019-12-12,2019-12-09/2019-12-15,2019Q4
a7950766,04345f6eca170989,2020-01-24,2019-12-28,,Nintendo Switch,8d0d,142.8,website,direct,desktop,US,2020,2020-01,2020-01-24,2020-01-20/2020-01-26,2020Q1,2019,2019-12,2019-12-28,2019-12-23/2019-12-29,2019Q4
fea68d76,0484f0d1023107564,2020-01-25,2019-12-20,,27in 4K gaming monitor,891b,401.38,website,email,mobile,US,2020,2020-01,2020-01-25,2020-01-20/2020-01-26,2020Q1,2019,2019-12,2019-12-20,2019-12-16/2019-12-22,2019Q4
b79626cf,052909c1a9577764,2020-01-20,2019-11-30,,JBL Quantum 100 Gaming Headset,ab0f,24.0,website,direct,desktop,US,2020,2020-01,2020-01-20,2020-01-20/2020-01-26,2020Q1,2019,2019-11,2019-11-30,2019-11-25/2019-12-01,2019Q4
ff1196e7,073cd8ce238107719,2020-01-21,2019-10-03,,JBL Quantum 100 Gaming Headset,ab0f,21.54,website,direct,desktop,JP,2020,2020-01,2020-01-21,2020-01-20/2020-01-26,2020Q1,2019,2019-10,2019-10-03,2019-09-30/2019-10-06,2019Q4
9c9b26aa,07d7f436c4e66205,2020-01-25,2019-09-17,,Nintendo Switch,8d0d,150.41,website,direct,desktop,ES,2020,2020-01,2020-01-25,2020-01-20/2020-01-26,2020Q1,2019,2019-09,2019-09-17,2019-09-16/2019-09-22,2019Q3
b7fbfc46,087ab96dd8177938,2020-01-21,2019-12-08,,JBL Quantum 100 Gaming Headset,ab0f,20.62,website,direct,desktop,KR,2020,2020-01,2020-01-21,2020-01-20/2020-01-26,2020Q1,2019,2019-12,2019-12-08,2019-12-02/2019-12-08,2019Q4
5610461d,08e4ef968b637817,2020-01-29,2019-11-05,,27in 4K gaming monitor,891b,312.0,website,direct,desktop,US,2020,2020-01,2020-01-29,2020-01-27/2020-02-02,2020Q1,2019,2019-11,2019-11-05,2019-11-04/2019-11-10,2019Q4
9cb3dc35,0935f8ef32466261,2020-01-23,2019-09-23,,Nintendo Switch,e682,177.11,website,direct,desktop,GB,2020,2020-01,2020-01-23,2020-01-20/2020-01-26,2020Q1,2019,2019-09,2019-09-23,2019-09-23/2019-09-29,2019Q3
740121fd,098a831a72a49819,2020-01-30,2019-11-24,,Nintendo Switch,8d0d,168.0,website,direct,desktop,US,2020,2020-01,2020-01-30,2020-01-27/2020-02-02,2020Q1,2019,2019-11,2019-11-24,2019-11-18/2019-11-24,2019Q4
740121fd,098a831a72a49820,2020-01-30,2019-11-25,,Nintendo Switch,8d0d,168.0,website,direct,desktop,US,2020,2020-01,2020-01-30,2020-01-27/2020-02-02,2020Q1,2019,2019-11,2019-11-25,2019-11-25/2019-12-01,2019Q4
e772a141,0a76e71c17297773,2020-01-31,2019-10-20,,JBL Quantum 100 Gaming Headset,ab0f,24.0,website,direct,desktop,US,2020,2020-01,2020-01-31,2020-01-27/2020-02-02,2020Q1,2019,2019-10,2019-10-20,2019-10-14/2019-10-20,2019Q4
61b0b6eb,0a8521a54f742439,2020-01-31,2019-12-17,,27in 4K gaming monitor,891b,397.62,website,direct,desktop,US,2020,2020-01,2020-01-31,2020-01-27/2020-02-02,2020Q1,2019,2019-12,2019-12-17,2019-12-16/2019-12-22,2019Q4
24652364,0b375393abb666,2020-01-28,2020-01-20,,Nintendo Switch,8d0d,175.86,website,direct,desktop,GB,2020,2020-01,2020-01-28,2020-01-27/2020-02-02,2020Q1,2020,2020-01,2020-01-20,2020-01-20/2020-01-26,2020Q1
5b47488a,0be979888da39881,2020-01-24,2019-11-28,,Nintendo Switch,e682,168.0,website,direct,desktop,US,2020,2020-01,2020-01-24,2020-01-20/2020-01-26,2020Q1,2019,2019-11,2019-11-28,2019-11-25/2019-12-01,2019Q4
9b386845,0cca46223e065634,2020-01-23,2019-11-05,,JBL Quantum 100 Gaming Headset,ab0f,24.0,website,direct,desktop,HT,2020,2020-01,2020-01-23,2020-01-20/2020-01-26,2020Q1,2019,2019-11,2019-11-05,2019-11-04/2019-11-10,2019Q4
11dfd992,0cf192471fc10309,2020-01-29,2019-10-14,,Nintendo Switch,8d0d,168.0,website,direct,desktop,US,2020,2020-01,2020-01-29,2020-01-27/2020-02-02,2020Q1,2019,2019-10,2019-10-14,2019-10-14/2019-10-20,2019Q4
0e6c1648,0d8d1d8cf4e8937,2020-01-30,2019-09-12,,27in 4K gaming monitor,891b,412.31,website,direct,desktop,IT,2020,2020-01,2020-01-30,2020-01-27/2020-02-02,2020Q1,2019,2019-09,2019-09-12,2019-09-09/2019-09-15,2019Q3
5a8a7f0e,0e9146e7fcb39576,2020-01-21,2019-10-03,,Nintendo Switch,8d0d,140.69,website,direct,desktop,PL,2020,2020-01,2020-01-21,2020-01-20/2020-01-26,2020Q1,2019,2019-10,2019-10-03,2019-09-30/2019-10-06,2019Q4
5a8a7f0e,0e9146e7fcb39577,2020-01-21,2019-10-23,,Nintendo Switch,8d0d,140.69,website,direct,desktop,PL,2020,2020-01,2020-01-21,2020-01-20/2020-01-26,2020Q1,2019,2019-10,2019-10-23,2019-10-21/2019-10-27,2019Q4
38166c9a,0ebae5cea6325713,2020-01-29,2019-12-16,,JBL Quantum 100 Gaming Headset,8315,22.56,mobile app,direct,desktop,PH,2020,2020-01,2020-01-29,2020-01-27/2020-02-02,2020Q1,2019,2019-12,2019-12-16,2019-12-16/2019-12-22,2019Q4
453e2ec5,0fccbbec0c331102,2020-01-30,2019-09-26,,Nintendo Switch,e682,168.0,website,direct,desktop,BR,2020,2020-01,2020-01-30,2020-01-27/2020-02-02,2020Q1,2019,2019-09,2019-09-26,2019-09-23/2019-09-29,2019Q3
9eda1582,14971aeb43267146,2020-01-20,2020-01-06,,27in 4K gaming monitor,891b,261.79,website,direct,desktop,MA,2020,2020-01,2020-01-20,2020-01-20/2020-01-26,2020Q1,2020,2020-01,2020-01-06,2020-01-06/2020-01-12,2020Q1
f54abb45,1576b03b928103667,2020-01-21,2019-10-01,,Nintendo Switch,8d0d,168.0,website,direct,desktop,US,2020,2020-01,2020-01-21,2020-01-20/2020-01-26,2020Q1,2019,2019-10,2019-10-01,2019-09-30/2019-10-06,2019Q4
767832dc,1621b35eba950760,2020-01-23,2019-11-11,,27in 4K gaming monitor,891b,442.82,website,direct,desktop,US,2020,2020-01,2020-01-23,2020-01-20/2020-01-26,2020Q1,2019,2019-11,2019-11-11,2019-11-11/2019-11-17,2019Q4
b5b6fcb5,167d27d242576975,2020-01-27,2020-01-24,,Sony PlayStation 5 Bundle,54ed,1615.9,website,direct,desktop,US,2020,2020-01,2020-01-27,2020-01-27/2020-02-02,2020Q1,2020,2020-01,2020-01-24,2020-01-20/2020-01-26,2020Q1
b5b6fcb5,167d27d242576976,2020-01-27,2019-12-11,,Sony PlayStation 5 Bundle,54ed,1615.9,website,direct,desktop,US,2020,2020-01,2020-01-27,2020-01-27/2020-02-02,2020Q1,2019,2019-12,2019-12-11,2019-12-09/2019-12-15,2019Q4
e5f3c220,16dae9c2e5c97134,2020-01-24,2019-11-11,,Nintendo Switch,8d0d,168.0,website,email,mobile,US,2020,2020-01,2020-01-24,2020-01-20/2020-01-26,2020Q1,2019,2019-11,2019-11-11,2019-11-11/2019-11-17,2019Q4
ec833e29,16ff50e46d899920,2020-01-27,2019-10-20,,Nintendo Switch,8d0d,168.0,website,direct,desktop,HK,2020,2020-01,2020-01-27,2020-01-27/2020-02-02,2020Q1,2019,2019-10,2019-10-20,2019-10-14/2019-10-20,2019Q4
de4d4ceb,17d40ce261893942,2020-01-29,2019-12-25,,JBL Quantum 100 Gaming Headset,ab0f,24.0,website,direct,desktop,UA,2020,2020-01,2020-01-29,2020-01-27/2020-02-02,2020Q1,2019,2019-12,2019-12-25,2019-12-23/2019-12-29,2019Q4
faf5af60,185cc5cdfad106038,2020-01-29,2019-09-18,,JBL Quantum 100 Gaming Headset,ab0f,21.55,website,direct,desktop,DE,2020,2020-01,2020-01-29,2020-01-27/2020-02-02,2020Q1,2019,2019-09,2019-09-18,2019-09-16/2019-09-22,2019Q3
370265bb,1b3130d870225280,2020-01-31,2020-02-02,,JBL Quantum 100 Gaming Headset,ab0f,25.49,website,direct,desktop,GB,2020,2020-01,2020-01-31,2020-01-27/2020-02-02,2020Q1,2020,2020-02,2020-02-02,2020-01-27/2020-02-02,2020Q1
19cb9021,1d013b5165313478,2020-01-24,2020-01-25,1/14/2022,Nintendo Switch,8e5d,162.38,mobile app,email,mobile,US,2020,2020-01,2020-01-24,2020-01-20/2020-01-26,2020Q1,2020,2020-01,2020-01-25,2020-01-20/2020-01-26,2020Q1
ddfec7f6,1d3aeaade6993804,2020-01-28,2020-01-30,,27in 4K gaming monitor,891b,427.19,website,direct,desktop,CA,2020,2020-01,2020-01-28,2020-01-27/2020-02-02,2020Q1,2020,2020-01,2020-01-30,2020-01-27/2020-02-02,2020Q1
6ebeda44,1deb4d86d1247775,2020-01-21,2020-01-24,,Nintendo Switch,e682,168.0,website,email,mobile,US,2020,2020-01,2020-01-21,2020-01-20/2020-01-26,2020Q1,2020,2020-01,2020-01-24,2020-01-20/2020-01-26,2020Q1
7cc69822,1e55793797c53306,2020-01-28,2020-01-30,,Nintendo Switch,e682,168.0,website,email,mobile,US,2020,2020-01,2020-01-28,2020-01-27/2020-02-02,2020Q1,2020,2020-01,2020-01-30,2020-01-27/2020-02-02,2020Q1
7cc69822,1e55793797c53307,2020-01-28,2020-01-30,,Nintendo Switch,e682,168.0,website,email,mobile,US,2020,2020-01,2020-01-28,2020-01-27/2020-02-02,2020Q1,2020,2020-01,2020-01-30,2020-01-27/2020-02-02,2020Q1
3f3e9559,20442eb1b1b28656,2020-01-20,2020-01-22,,Nintendo Switch,8d0d,177.02,website,direct,desktop,GB,2020,2020-01,2020-01-20,2020-01-20/2020-01-26,2020Q1,2020,2020-01,2020-01-22,2020-01-20/2020-01-26,2020Q1
d11dfc4d,217aec7995a88321,2020-01-22,2020-01-25,,27in 4K gaming monitor,891b,363.11,website,direct,desktop,CA,2020,2020-01,2020-01-22,2020-01-20/2020-01-26,2020Q1,2020,2020-01,2020-01-25,2020-01-20/2020-01-26,2020Q1
bdac4579,22f2cc3020680282,2020-01-22,2020-01-25,,Lenovo IdeaPad Gaming 3,04ac,1198.0,website,direct,desktop,US,2020,2020-01,2020-01-22,2020-01-20/2020-01-26,2020Q1,2020,2020-01,2020-01-25,2020-01-20/2020-01-26,2020Q1
7c380177,245e793afcf53081,2020-01-31,2020-02-03,,Nintendo Switch,8d0d,168.0,website,direct,desktop,US,2020,2020-01,2020-01-31,2020-01-27/2020-02-02,2020Q1,2020,2020-02,2020-02-03,2020-02-03/2020-02-09,2020Q1
b81a2c8f,25c240eec5777994,2020-01-20,2020-01-21,,27in 4K gaming monitor,891b,407.22,website,direct,desktop,FR,2020,2020-01,2020-01-20,2020-01-20/2020-01-26,2020Q1,2020,2020-01,2020-01-21,2020-01-20/2020-01-26,2020Q1
f98fdbc5,283f8af98ea105436,2020-01-31,2020-02-02,,Nintendo Switch,8d0d,177.02,website,direct,desktop,GB,2020,2020-01,2020-01-31,2020-01-27/2020-02-02,2020Q1,2020,2020-02,2020-02-02,2020-01-27/2020-02-02,2020Q1
890fe0c2,2b6404b6dc458219,2020-01-27,2020-01-29,,Nintendo Switch,e682,190.79,website,direct,desktop,IL,2020,2020-01,2020-01-27,2020-01-27/2020-02-02,2020Q1,2020,2020-01,2020-01-29,2020-01-27/2020-02-02,2020Q1
93c81c9b,2c81858d85d62654,2020-01-27,2020-01-30,,Nintendo Switch,8d0d,168.0,website,direct,desktop,US,2020,2020-01,2020-01-27,2020-01-27/2020-02-02,2020Q1,2020,2020-01,2020-01-30,2020-01-27/2020-02-02,2020Q1
98c99b8b,2d5832e6d2e64645,2020-01-24,2020-01-25,,Nintendo Switch,8d0d,113.56,website,direct,desktop,MX,2020,2020-01,2020-01-24,2020-01-20/2020-01-26,2020Q1,2020,2020-01,2020-01-25,2020-01-20/2020-01-26,2020Q1
6090c9ba,2d9107ddb2f41994,2020-01-30,2020-01-31,,Nintendo Switch,e682,168.0,website,direct,desktop,US,2020,2020-01,2020-01-30,2020-01-27/2020-02-02,2020Q1,2020,2020-01,2020-01-31,2020-01-27/2020-02-02,2020Q1
e099f320,2ecea516c3094971,2020-01-21,2020-01-22,,27in 4K gaming monitor,891b,412.31,website,direct,desktop,NL,2020,2020-01,2020-01-21,2020-01-20/2020-01-26,2020Q1,2020,2020-01,2020-01-22,2020-01-20/2020-01-26,2020Q1
e8100dbc,320e5f056dd98029,2020-01-30,2020-02-01,,Nintendo Switch,8e5d,164.62,mobile app,social media,tablet,US,2020,2020-01,2020-01-30,2020-01-27/2020-02-02,2020Q1,2020,2020-02,2020-02-01,2020-01-27/2020-02-02,2020Q1
f25a946a,32445a6f705102402,2020-01-30,2020-02-01,,Nintendo Switch,8d0d,142.8,website,direct,desktop,US,2020,2020-01,2020-01-30,2020-01-27/2020-02-02,2020Q1,2020,2020-02,2020-02-01,2020-01-27/2020-02-02,2020Q1
057af623,33ad5c8701e5341,2020-01-23,2020-01-24,,Nintendo Switch,8d0d,112.23,website,direct,desktop,AU,2020,2020-01,2020-01-23,2020-01-20/2020-01-26,2020Q1,2020,2020-01,2020-01-24,2020-01-20/2020-01-26,2020Q1
39c8d2d8,33c6f2c529926397,2020-01-20,2020-01-23,,JBL Quantum 100 Gaming Headset,ab0f,24.0,website,direct,desktop,US,2020,2020-01,2020-01-20,2020-01-20/2020-01-26,2020Q1,2020,2020-01,2020-01-23,2020-01-20/2020-01-26,2020Q1
0074fb9c,33c956d588b3363,2020-01-24,2020-01-26,,Nintendo Switch,8d0d,148.67,website,direct,desktop,FR,2020,2020-01,2020-01-24,2020-01-20/2020-01-26,2020Q1,2020,2020-01,2020-01-26,2020-01-20/2020-01-26,2020Q1
6a7aef16,349a7fe88e445944,2020-01-31,2020-02-01,,JBL Quantum 100 Gaming Headset,ab0f,24.0,website,direct,desktop,US,2020,2020-01,2020-01-31,2020-01-27/2020-02-02,2020Q1,2020,2020-02,2020-02-01,2020-01-27/2020-02-02,2020Q1
6d706189,34fe09291ef47240,2020-01-21,2020-01-22,4/30/2022,Sony PlayStation 5 Bundle,54ed,1800.0,website,direct,desktop,US,2020,2020-01,2020-01-21,2020-01-20/2020-01-26,2020Q1,2020,2020-01,2020-01-22,2020-01-20/2020-01-26,2020Q1
ca648b8a,35605af9af785554,2020-01-21,2020-01-24,,27in 4K gaming monitor,891b,408.0,website,direct,desktop,US,2020,2020-01,2020-01-21,2020-01-20/2020-01-26,2020Q1,2020,2020-01,2020-01-24,2020-01-20/2020-01-26,2020Q1
e3f20d40,364955fa39c96288,2020-01-26,2020-01-29,,Nintendo Switch,8d0d,142.8,website,direct,desktop,BR,2020,2020-01,2020-01-26,2020-01-20/2020-01-26,2020Q1,2020,2020-01,2020-01-29,2020-01-27/2020-02-02,2020Q1
2f8e7c26,3889203370422329,2020-01-30,2020-01-31,,JBL Quantum 100 Gaming Headset,ab0f,24.0,website,direct,desktop,US,2020,2020-01,2020-01-30,2020-01-27/2020-02-02,2020Q1,2020,2020-01,2020-01-31,2020-01-27/2020-02-02,2020Q1
ad175bc2,3960f67f90973328,2020-01-29,2020-02-01,,Nintendo Switch,e682,168.0,website,direct,desktop,US,2020,2020-01,2020-01-29,2020-01-27/2020-02-02,2020Q1,2020,2020-02,2020-02-01,2020-01-27/2020-02-02,2020Q1
e9a1f005,3a525c4f2be98676,2020-01-28,2020-01-29,,Nintendo Switch,8d0d,168.0,website,direct,desktop,HK,2020,2020-01,2020-01-28,2020-01-27/2020-02-02,2020Q1,2020,2020-01,2020-01-29,2020-01-27/2020-02-02,2020Q1
02ccd047,3aa6e15b7324330,2020-01-28,2020-01-31,,Nintendo Switch,8d0d,168.0,website,direct,desktop,US,2020,2020-01,2020-01-28,2020-01-27/2020-02-02,2020Q1,2020,2020-01,2020-01-31,2020-01-27/2020-02-02,2020Q1
e978d1c9,3d004c97de898609,2020-01-19,2020-01-22,,27in 4K gaming monitor,e7e6,480.0,website,direct,desktop,US,2020,2020-01,2020-01-19,2020-01-13/2020-01-19,2020Q1,2020,2020-01,2020-01-22,2020-01-20/2020-01-26,2020Q1
b428f4fd,3d9dde289b576364,2020-01-27,2020-01-30,,JBL Quantum 100 Gaming Headset,ab0f,21.55,website,direct,desktop,DE,2020,2020-01,2020-01-27,2020-01-27/2020-02-02,2020Q1,2020,2020-01,2020-01-30,2020-01-27/2020-02-02,2020Q1
7b9443a2,3e53cfca97052807,2020-01-27,2020-01-30,,Nintendo Switch,e682,175.31,website,direct,desktop,RU,2020,2020-01,2020-01-27,2020-01-27/2020-02-02,2020Q1,2020,2020-01,2020-01-30,2020-01-27/2020-02-02,2020Q1
51fbecca,3f0583259de36193,2020-01-25,2020-01-27,,JBL Quantum 100 Gaming Headset,ab0f,24.0,website,direct,desktop,AE,2020,2020-01,2020-01-25,2020-01-20/2020-01-26,2020Q1,2020,2020-01,2020-01-27,2020-01-27/2020-02-02,2020Q1
5540531a,3fa757805b937515,2020-01-29,2020-02-01,,JBL Quantum 100 Gaming Headset,ab0f,25.49,website,direct,desktop,GB,2020,2020-01,2020-01-29,2020-01-27/2020-02-02,2020Q1,2020,2020-02,2020-02-01,2020-01-27/2020-02-02,2020Q1
e489aad4,3fe3ab35b5a96523,2020-01-27,2020-01-30,,Nintendo Switch,e682,168.0,website,direct,desktop,US,2020,2020-01,2020-01-27,2020-01-27/2020-02-02,2020Q1,2020,2020-01,2020-01-30,2020-01-27/2020-02-02,2020Q1
f619f8bb,424c28837c6103971,2020-01-30,2020-02-01,,Nintendo Switch,8d0d,150.53,website,direct,desktop,FR,2020,2020-01,2020-01-30,2020-01-27/2020-02-02,2020Q1,2020,2020-02,2020-02-01,2020-01-27/2020-02-02,2020Q1
b8030f65,42c0f43c32577956,2020-01-20,2020-01-22,,JBL Quantum 100 Gaming Headset,8315,22.88,mobile app,direct,desktop,CO,2020,2020-01,2020-01-20,2020-01-20/2020-01-26,2020Q1,2020,2020-01,2020-01-22,2020-01-20/2020-01-26,2020Q1
1f066df0,43b7a88e8e215692,2020-01-25,2020-01-26,,JBL Quantum 100 Gaming Headset,ab0f,24.0,website,direct,desktop,US,2020,2020-01,2020-01-25,2020-01-20/2020-01-26,2020Q1,2020,2020-01,2020-01-26,2020-01-20/2020-01-26,2020Q1
52038408,4437e6a3d901366,2020-01-26,2020-01-28,,Nintendo Switch,8d0d,168.0,website,direct,desktop,US,2020,2020-01,2020-01-26,2020-01-20/2020-01-26,2020Q1,2020,2020-01,2020-01-28,2020-01-27/2020-02-02,2020Q1
254b78ae,45f2643ff6518066,2020-01-24,2020-01-27,,Sony PlayStation 5 Bundle,54ed,1800.0,website,direct,desktop,US,2020,2020-01,2020-01-24,2020-01-20/2020-01-26,2020Q1,2020,2020-01,2020-01-27,2020-01-27/2020-02-02,2020Q1
1e857f10,46287d5343515502,2020-01-20,2020-01-23,,Nintendo Switch,8d0d,132.03,website,direct,desktop,AU,2020,2020-01,2020-01-20,2020-01-20/2020-01-26,2020Q1,2020,2020-01,2020-01-23,2020-01-20/2020-01-26,2020Q1
d7bd3858,463d0c5e6bd91146,2020-01-22,2020-01-24,,Nintendo Switch,e682,130.09,website,social media,tablet,SG,2020,2020-01,2020-01-22,2020-01-20/2020-01-26,2020Q1,2020,2020-01,2020-01-24,2020-01-20/2020-01-26,2020Q1
88efc6dc,46845971aa058176,2020-01-31,2020-02-01,,JBL Quantum 100 Gaming Headset,ab0f,24.0,website,direct,desktop,US,2020,2020-01,2020-01-31,2020-01-27/2020-02-02,2020Q1,2020,2020-02,2020-02-01,2020-01-27/2020-02-02,2020Q1
d6a32d9d,48c287de65b90657,2020-01-29,2020-02-01,,27in 4K gaming monitor,891b,394.01,website,direct,desktop,DE,2020,2020-01,2020-01-29,2020-01-27/2020-02-02,2020Q1,2020,2020-02,2020-02-01,2020-01-27/2020-02-02,2020Q1
3e5679ec,4a033fd55e628265,2020-01-21,2020-01-22,,Nintendo Switch,e682,168.0,website,social media,tablet,US,2020,2020-01,2020-01-21,2020-01-20/2020-01-26,2020Q1,2020,2020-01,2020-01-22,2020-01-20/2020-01-26,2020Q1
33671c93,4a37c7ae1fc23863,2020-01-29,2020-01-31,,Lenovo IdeaPad Gaming 3,04ac,1198.0,website,direct,desktop,US,2020,2020-01,2020-01-29,2020-01-27/2020-02-02,2020Q1,2020,2020-01,2020-01-31,2020-01-27/2020-02-02,2020Q1
50bd7602,4b794bdf66635757,2020-01-30,2020-02-01,,Nintendo Switch,e682,148.67,website,direct,desktop,BE,2020,2020-01,2020-01-30,2020-01-27/2020-02-02,2020Q1,2020,2020-02,2020-02-01,2020-01-27/2020-02-02,2020Q1
f178e4c0,4b938b5a4fb102055,2020-01-27,2020-01-30,,Nintendo Switch,8d0d,168.0,website,direct,desktop,US,2020,2020-01,2020-01-27,2020-01-27/2020-02-02,2020Q1,2020,2020-01,2020-01-30,2020-01-27/2020-02-02,2020Q1
4bc193bb,4cbf8d1890133673,2020-01-30,2020-01-31,,27in 4K gaming monitor,891b,480.0,website,direct,desktop,US,2020,2020-01,2020-01-30,2020-01-27/2020-02-02,2020Q1,2020,2020-01,2020-01-31,2020-01-27/2020-02-02,2020Q1
4bc193bb,4cbf8d1890133674,2020-01-30,2020-01-31,,27in 4K gaming monitor,891b,480.0,website,direct,desktop,US,2020,2020-01,2020-01-30,2020-01-27/2020-02-02,2020Q1,2020,2020-01,2020-01-31,2020-01-27/2020-02-02,2020Q1
43651cc0,4d1e97d8b8f30346,2020-01-27,2020-01-29,,Sony PlayStation 5 Bundle,54ed,1800.0,website,direct,desktop,US,2020,2020-01,2020-01-27,2020-01-27/2020-02-02,2020Q1,2020,2020-01,2020-01-29,2020-01-27/2020-02-02,2020Q1
86185de2,4dd7fce5b6c57054,2020-01-28,2020-01-31,,Nintendo Switch,8d0d,177.02,website,direct,desktop,GB,2020,2020-01,2020-01-28,2020-01-27/2020-02-02,2020Q1,2020,2020-01,2020-01-31,2020-01-27/2020-02-02,2020Q1
a87b2e93,4e21c3a830a71374,2020-01-28,2020-01-29,,JBL Quantum 100 Gaming Headset,8315,23.2,mobile app,email,mobile,US,2020,2020-01,2020-01-28,2020-01-27/2020-02-02,2020Q1,2020,2020-01,2020-01-29,2020-01-27/2020-02-02,2020Q1
27eb466c,4fadbc240a319161,2020-01-29,2020-01-30,,JBL Quantum 100 Gaming Headset,ab0f,24.0,website,direct,desktop,US,2020,2020-01,2020-01-29,2020-01-27/2020-02-02,2020Q1,2020,2020-01,2020-01-30,2020-01-27/2020-02-02,2020Q1
27eb466c,4fadbc240a319162,2020-01-29,2020-01-30,,JBL Quantum 100 Gaming Headset,ab0f,24.0,website,direct,desktop,US,2020,2020-01,2020-01-29,2020-01-27/2020-02-02,2020Q1,2020,2020-01,2020-01-30,2020-01-27/2020-02-02,2020Q1
62a4b1d2,50ce088a2b442759,2020-01-22,2020-01-25,,JBL Quantum 100 Gaming Headset,ab0f,24.0,website,direct,desktop,US,2020,2020-01,2020-01-22,2020-01-20/2020-01-26,2020Q1,2020,2020-01,2020-01-25,2020-01-20/2020-01-26,2020Q1
04d6c8ed,50f03da92ea5093,2020-01-30,2020-02-02,,Nintendo Switch,8d0d,168.0,website,email,mobile,US,2020,2020-01,2020-01-30,2020-01-27/2020-02-02,2020Q1,2020,2020-02,2020-02-02,2020-01-27/2020-02-02,2020Q1
fe68a0b2,5123f41ce9d107466,2020-01-22,2020-01-23,,27in 4K gaming monitor,891b,384.0,website,email,mobile,US,2020,2020-01,2020-01-22,2020-01-20/2020-01-26,2020Q1,2020,2020-01,2020-01-23,2020-01-20/2020-01-26,2020Q1
4fa40944,515a98edf3935343,2020-01-25,2020-01-28,1/24/2022,Nintendo Switch,8d0d,168.0,website,direct,desktop,US,2020,2020-01,2020-01-25,2020-01-20/2020-01-26,2020Q1,2020,2020-01,2020-01-28,2020-01-27/2020-02-02,2020Q1
d93fa81d,51b36c16e9691779,2020-01-28,2020-01-31,,JBL Quantum 100 Gaming Headset,ab0f,24.0,website,email,mobile,US,2020,2020-01,2020-01-28,2020-01-27/2020-02-02,2020Q1,2020,2020-01,2020-01-31,2020-01-27/2020-02-02,2020Q1
85b8626f,51d6004cb8356881,2020-01-22,2020-01-25,,Nintendo Switch,8d0d,168.0,website,direct,desktop,US,2020,2020-01,2020-01-22,2020-01-20/2020-01-26,2020Q1,2020,2020-01,2020-01-25,2020-01-20/2020-01-26,2020Q1
831a8c77,5229126a72455852,2020-01-23,2020-01-24,,JBL Quantum 100 Gaming Headset,8315,23.44,mobile app,email,mobile,US,2020,2020-01,2020-01-23,2020-01-20/2020-01-26,2020Q1,2020,2020-01,2020-01-24,2020-01-20/2020-01-26,2020Q1
4b6faaea,5247684c08233527,2020-01-20,2020-01-22,1/30/2022,Lenovo IdeaPad Gaming 3,9ef0,1228.9,website,direct,desktop,GB,2020,2020-01,2020-01-20,2020-01-20/2020-01-26,2020Q1,2020,2020-01,2020-01-22,2020-01-20/2020-01-26,2020Q1
eb667fcd,526ccaddd7e99462,2020-01-20,2020-01-23,,JBL Quantum 100 Gaming Headset,ab0f,21.82,website,direct,desktop,IT,2020,2020-01,2020-01-20,2020-01-20/2020-01-26,2020Q1,2020,2020-01,2020-01-23,2020-01-20/2020-01-26,2020Q1
e81e7c13,52d5ef28f2698050,2020-01-30,2020-02-01,,27in 4K gaming monitor,891b,280.95,website,direct,desktop,CA,2020,2020-01,2020-01-30,2020-01-27/2020-02-02,2020Q1,2020,2020-02,2020-02-01,2020-01-27/2020-02-02,2020Q1
972be31e,55382740c8e64031,2020-01-27,2020-01-30,1/24/2022,27in 4K gaming monitor,e7e6,485.11,website,direct,desktop,GB,2020,2020-01,2020-01-27,2020-01-27/2020-02-02,2020Q1,2020,2020-01,2020-01-30,2020-01-27/2020-02-02,2020Q1
b9d8573c,55faf5d732378742,2020-01-27,2020-01-29,,JBL Quantum 100 Gaming Headset,ab0f,25.66,website,direct,desktop,GB,2020,2020-01,2020-01-27,2020-01-27/2020-02-02,2020Q1,2020,2020-01,2020-01-29,2020-01-27/2020-02-02,2020Q1
821063b9,5728be48fe155465,2020-01-20,2020-01-21,,JBL Quantum 100 Gaming Headset,ab0f,24.0,website,direct,desktop,US,2020,2020-01,2020-01-20,2020-01-20/2020-01-26,2020Q1,2020,2020-01,2020-01-21,2020-01-20/2020-01-26,2020Q1
1d341d93,573e14cafb014948,2020-01-24,2020-01-26,,27in 4K gaming monitor,891b,269.48,website,direct,desktop,US,2020,2020-01,2020-01-24,2020-01-20/2020-01-26,2020Q1,2020,2020-01,2020-01-26,2020-01-20/2020-01-26,2020Q1
1d341d93,573e14cafb014949,2020-01-24,2020-01-26,,27in 4K gaming monitor,891b,269.48,website,direct,desktop,US,2020,2020-01,2020-01-24,2020-01-20/2020-01-26,2020Q1,2020,2020-01,2020-01-26,2020-01-20/2020-01-26,2020Q1
db5aeff0,5879220838992709,2020-01-27,2020-01-30,,Nintendo Switch,8d0d,168.0,website,direct,desktop,US,2020,2020-01,2020-01-27,2020-01-27/2020-02-02,2020Q1,2020,2020-01,2020-01-30,2020-01-27/2020-02-02,2020Q1
e3466d97,58ff6a8885696004,2020-01-30,2020-02-01,1/6/2022,Nintendo Switch,e682,177.11,website,direct,desktop,GB,2020,2020-01,2020-01-30,2020-01-27/2020-02-02,2020Q1,2020,2020-02,2020-02-01,2020-01-27/2020-02-02,2020Q1
698b5eaa,59c37c6096945551,2020-01-23,2020-01-24,,Nintendo Switch,97c6,192.0,website,direct,desktop,VN,2020,2020-01,2020-01-23,2020-01-20/2020-01-26,2020Q1,2020,2020-01,2020-01-24,2020-01-20/2020-01-26,2020Q1
143f6ccf,59d5655b56811283,2020-01-24,2020-01-27,,Nintendo Switch,8d0d,149.03,website,direct,desktop,IT,2020,2020-01,2020-01-24,2020-01-20/2020-01-26,2020Q1,2020,2020-01,2020-01-27,2020-01-27/2020-02-02,2020Q1
ed7df208,59e3c643e3b100326,2020-01-23,2020-01-24,,Nintendo Switch,8d0d,168.0,website,direct,desktop,US,2020,2020-01,2020-01-23,2020-01-20/2020-01-26,2020Q1,2020,2020-01,2020-01-24,2020-01-20/2020-01-26,2020Q1
b89c8e33,606bd30664e78191,2020-01-21,2020-01-24,,JBL Quantum 100 Gaming Headset,ab0f,19.53,website,affiliate,unknown,CA,2020,2020-01,2020-01-21,2020-01-20/2020-01-26,2020Q1,2020,2020-01,2020-01-24,2020-01-20/2020-01-26,2020Q1
91a6a809,612c1fa8fe261757,2020-01-24,2020-01-26,,Lenovo IdeaPad Gaming 3,04ac,1198.0,website,direct,desktop,US,2020,2020-01,2020-01-24,2020-01-20/2020-01-26,2020Q1,2020,2020-01,2020-01-26,2020-01-20/2020-01-26,2020Q1
fcd0126d,6196aee56b6106750,2020-01-24,2020-01-25,,Lenovo IdeaPad Gaming 3,04ac,1018.3,website,direct,desktop,MX,2020,2020-01,2020-01-24,2020-01-20/2020-01-26,2020Q1,2020,2020-01,2020-01-25,2020-01-20/2020-01-26,2020Q1
fcd0126d,6196aee56b6106751,2020-01-24,2020-01-25,,Lenovo IdeaPad Gaming 3,04ac,1018.3,website,direct,desktop,MX,2020,2020-01,2020-01-24,2020-01-20/2020-01-26,2020Q1,2020,2020-01,2020-01-25,2020-01-20/2020-01-26,2020Q1
4e211da9,6294468148034690,2020-01-25,2020-01-28,,Nintendo Switch,8d0d,134.4,website,direct,desktop,US,2020,2020-01,2020-01-25,2020-01-20/2020-01-26,2020Q1,2020,2020-01,2020-01-28,2020-01-27/2020-02-02,2020Q1
4c068e82,6438a3c144a33811,2020-01-31,2020-02-03,3/30/2022,Nintendo Switch,e682,168.0,website,direct,desktop,US,2020,2020-01,2020-01-31,2020-01-27/2020-02-02,2020Q1,2020,2020-02,2020-02-03,2020-02-03/2020-02-09,2020Q1
ebb26392,664db46438099567,2020-01-21,2020-01-22,,27in 4K gaming monitor,891b,376.4,website,direct,desktop,US,2020,2020-01,2020-01-21,2020-01-20/2020-01-26,2020Q1,2020,2020-01,2020-01-22,2020-01-20/2020-01-26,2020Q1
064fd7a8,6699e41cb345668,2020-01-24,2020-01-25,,27in 4K gaming monitor,891b,408.0,website,direct,desktop,US,2020,2020-01,2020-01-24,2020-01-20/2020-01-26,2020Q1,2020,2020-01,2020-01-25,2020-01-20/2020-01-26,2020Q1
90586598,68d5ed133fe2399,2020-01-27,2020-01-28,1/11/2022,27in 4K gaming monitor,891b,480.0,website,direct,desktop,US,2020,2020-01,2020-01-27,2020-01-27/2020-02-02,2020Q1,2020,2020-01,2020-01-28,2020-01-27/2020-02-02,2020Q1
8c97a62a,6a523a4656e59723,2020-01-21,2020-01-23,,27in 4K gaming monitor,891b,480.0,website,direct,desktop,US,2020,2020-01,2020-01-21,2020-01-20/2020-01-26,2020Q1,2020,2020-01,2020-01-23,2020-01-20/2020-01-26,2020Q1
6d4bd045,6a6ee0d1ec447169,2020-01-31,2020-02-01,,Nintendo Switch,8d0d,126.0,website,email,mobile,US,2020,2020-01,2020-01-31,2020-01-27/2020-02-02,2020Q1,2020,2020-02,2020-02-01,2020-01-27/2020-02-02,2020Q1
ab3d09ed,6bbcfea8fa372604,2020-01-27,2020-01-29,,Nintendo Switch,e682,176.13,website,direct,desktop,DK,2020,2020-01,2020-01-27,2020-01-27/2020-02-02,2020Q1,2020,2020-01,2020-01-29,2020-01-27/2020-02-02,2020Q1
09cfeac4,6e2fe077a3c7035,2020-01-28,2020-01-30,1/21/2022,Sony PlayStation 5 Bundle,54ed,1712.77,website,direct,desktop,CA,2020,2020-01,2020-01-28,2020-01-27/2020-02-02,2020Q1,2020,2020-01,2020-01-30,2020-01-27/2020-02-02,2020Q1
e7dc7c99,6f528a42ab197939,2020-01-26,2020-01-29,,Nintendo Switch,8d0d,168.0,website,email,mobile,CA,2020,2020-01,2020-01-26,2020-01-20/2020-01-26,2020Q1,2020,2020-01,2020-01-29,2020-01-27/2020-02-02,2020Q1
a44e12cd,6fcf79ace7369546,2020-01-25,2020-01-27,,JBL Quantum 100 Gaming Headset,ab0f,24.0,website,direct,desktop,HU,2020,2020-01,2020-01-25,2020-01-20/2020-01-26,2020Q1,2020,2020-01,2020-01-27,2020-01-27/2020-02-02,2020Q1
13260d3c,70bf7c844b110841,2020-01-24,2020-01-25,2/25/2022,JBL Quantum 100 Gaming Headset,ab0f,24.0,website,direct,desktop,US,2020,2020-01,2020-01-24,2020-01-20/2020-01-26,2020Q1,2020,2020-01,2020-01-25,2020-01-20/2020-01-26,2020Q1
13260d3c,70bf7c844b110842,2020-01-24,2020-01-25,2/25/2022,JBL Quantum 100 Gaming Headset,ab0f,24.0,website,direct,desktop,US,2020,2020-01,2020-01-24,2020-01-20/2020-01-26,2020Q1,2020,2020-01,2020-01-25,2020-01-20/2020-01-26,2020Q1
f7d24d5d,70d6cfac729104688,2020-01-29,2020-01-30,,27in 4K gaming monitor,891b,415.14,website,direct,desktop,CZ,2020,2020-01,2020-01-29,2020-01-27/2020-02-02,2020Q1,2020,2020-01,2020-01-30,2020-01-27/2020-02-02,2020Q1
9224c71b,70daba5c40f61988,2020-01-22,2020-01-23,,Nintendo Switch,8d0d,168.0,website,direct,desktop,US,2020,2020-01,2020-01-22,2020-01-20/2020-01-26,2020Q1,2020,2020-01,2020-01-23,2020-01-20/2020-01-26,2020Q1
9224c71b,70daba5c40f61989,2020-01-22,2020-01-23,,Nintendo Switch,8d0d,168.0,website,direct,desktop,US,2020,2020-01,2020-01-22,2020-01-20/2020-01-26,2020Q1,2020,2020-01,2020-01-23,2020-01-20/2020-01-26,2020Q1
0aec3a08,7116808ef607496,2020-01-20,2020-01-21,,Sony PlayStation 5 Bundle,54ed,2038.1,website,direct,desktop,GB,2020,2020-01,2020-01-20,2020-01-20/2020-01-26,2020Q1,2020,2020-01,2020-01-21,2020-01-20/2020-01-26,2020Q1
0aec3a08,7116808ef607497,2020-01-20,2020-01-21,,Sony PlayStation 5 Bundle,54ed,2038.1,website,direct,desktop,GB,2020,2020-01,2020-01-20,2020-01-20/2020-01-26,2020Q1,2020,2020-01,2020-01-21,2020-01-20/2020-01-26,2020Q1
d8818965,7171806fcc391464,2020-01-26,2020-01-27,,JBL Quantum 100 Gaming Headset,ab0f,24.0,website,direct,desktop,US,2020,2020-01,2020-01-26,2020-01-20/2020-01-26,2020Q1,2020,2020-01,2020-01-27,2020-01-27/2020-02-02,2020Q1
1f5adb0e,7291ac73ce715828,2020-01-25,2020-01-28,,27in 4K gaming monitor,891b,387.36,website,direct,desktop,AU,2020,2020-01,2020-01-25,2020-01-20/2020-01-26,2020Q1,2020,2020-01,2020-01-28,2020-01-27/2020-02-02,2020Q1
d378e402,72d659e0b8989285,2020-01-30,2020-02-02,,Nintendo Switch,8d0d,128.98,website,direct,desktop,CA,2020,2020-01,2020-01-30,2020-01-27/2020-02-02,2020Q1,2020,2020-02,2020-02-02,2020-01-27/2020-02-02,2020Q1
c7a7c018,72e8d26b81384460,2020-01-24,2020-01-27,,Nintendo Switch,8d0d,126.67,website,affiliate,unknown,ES,2020,2020-01,2020-01-24,2020-01-20/2020-01-26,2020Q1,2020,2020-01,2020-01-27,2020-01-27/2020-02-02,2020Q1
e14defa8,73c0753caf695216,2020-01-21,2020-01-23,,Nintendo Switch,8d0d,168.0,website,direct,desktop,US,2020,2020-01,2020-01-21,2020-01-20/2020-01-26,2020Q1,2020,2020-01,2020-01-23,2020-01-20/2020-01-26,2020Q1
9f6798b9,7471e99ab2367399,2020-01-25,2020-01-27,6/27/2022,Nintendo Switch,e682,168.0,website,email,mobile,US,2020,2020-01,2020-01-25,2020-01-20/2020-01-26,2020Q1,2020,2020-01,2020-01-27,2020-01-27/2020-02-02,2020Q1
bd79f1c6,7576cb7a8e380209,2020-01-24,2020-01-25,,Nintendo Switch,8d0d,168.0,website,direct,desktop,BR,2020,2020-01,2020-01-24,2020-01-20/2020-01-26,2020Q1,2020,2020-01,2020-01-25,2020-01-20/2020-01-26,2020Q1
d5a32217,764fc0b25ab90216,2020-01-31,2020-02-02,,Nintendo Switch,e682,168.0,website,direct,desktop,US,2020,2020-01,2020-01-31,2020-01-27/2020-02-02,2020Q1,2020,2020-02,2020-02-02,2020-01-27/2020-02-02,2020Q1
870f8476,77f6dfae24b57431,2020-01-22,2020-01-24,,Sony PlayStation 5 Bundle,54ed,1640.14,website,direct,desktop,JP,2020,2020-01,2020-01-22,2020-01-20/2020-01-26,2020Q1,2020,2020-01,2020-01-24,2020-01-20/2020-01-26,2020Q1
b66cdb8d,7a5f67e18fa77291,2020-01-27,2020-01-28,,27in 4K gaming monitor,e7e6,480.0,website,direct,desktop,US,2020,2020-01,2020-01-27,2020-01-27/2020-02-02,2020Q1,2020,2020-01,2020-01-28,2020-01-27/2020-02-02,2020Q1
b66cdb8d,7a5f67e18fa77291,2020-01-27,2020-01-28,,27in 4K gaming monitor,e7e6,480.0,website,direct,desktop,US,2020,2020-01,2020-01-27,2020-01-27/2020-02-02,2020Q1,2020,2020-01,2020-01-28,2020-01-27/2020-02-02,2020Q1
f2ec026e,7b6aa69426c102659,2020-01-25,2020-01-28,,Nintendo Switch,8d0d,148.67,website,direct,desktop,DE,2020,2020-01,2020-01-25,2020-01-20/2020-01-26,2020Q1,2020,2020-01,2020-01-28,2020-01-27/2020-02-02,2020Q1
f2ec026e,7b6aa69426c102660,2020-01-25,2020-01-28,,Nintendo Switch,8d0d,148.67,website,direct,desktop,DE,2020,2020-01,2020-01-25,2020-01-20/2020-01-26,2020Q1,2020,2020-01,2020-01-28,2020-01-27/2020-02-02,2020Q1
2b61b17d,7c9434eb1fb20563,2020-01-29,2020-01-30,,Nintendo Switch,8d0d,146.68,website,direct,desktop,KR,2020,2020-01,2020-01-29,2020-01-27/2020-02-02,2020Q1,2020,2020-01,2020-01-30,2020-01-27/2020-02-02,2020Q1
6270d6f9,7d09de332e342684,2020-01-27,2020-01-30,,27in 4K gaming monitor,891b,332.2,website,direct,desktop,BR,2020,2020-01,2020-01-27,2020-01-27/2020-02-02,2020Q1,2020,2020-01,2020-01-30,2020-01-27/2020-02-02,2020Q1
6270d6f9,7d09de332e342684,2020-01-27,2020-01-30,,27in 4K gaming monitor,891b,332.2,website,direct,desktop,BR,2020,2020-01,2020-01-27,2020-01-27/2020-02-02,2020Q1,2020,2020-01,2020-01-30,2020-01-27/2020-02-02,2020Q1
c4999191,7e1aee8be2683217,2020-01-28,2020-01-31,,Nintendo Switch,8d0d,150.53,website,direct,desktop,PT,2020,2020-01,2020-01-28,2020-01-27/2020-02-02,2020Q1,2020,2020-01,2020-01-31,2020-01-27/2020-02-02,2020Q1
2be62f03,7ebe7c53b8b20766,2020-01-25,2020-01-28,12/27/2021,Nintendo Switch,8d0d,168.0,website,direct,desktop,US,2020,2020-01,2020-01-25,2020-01-20/2020-01-26,2020Q1,2020,2020-01,2020-01-28,2020-01-27/2020-02-02,2020Q1
e80b93ad,815caec5eb998020,2020-01-30,2020-01-31,,27in 4K gaming monitor,891b,408.2,website,email,mobile,DE,2020,2020-01,2020-01-30,2020-01-27/2020-02-02,2020Q1,2020,2020-01,2020-01-31,2020-01-27/2020-02-02,2020Q1
e80b93ad,815caec5eb998020,2020-01-30,2020-01-31,,27in 4K gaming monitor,891b,408.2,website,email,desktop,DE,2020,2020-01,2020-01-30,2020-01-27/2020-02-02,2020Q1,2020,2020-01,2020-01-31,2020-01-27/2020-02-02,2020Q1
3838f9e6,833086c869925765,2020-01-24,2020-01-25,,27in 4K gaming monitor,891b,317.14,website,direct,desktop,JP,2020,2020-01,2020-01-24,2020-01-20/2020-01-26,2020Q1,2020,2020-01,2020-01-25,2020-01-20/2020-01-26,2020Q1
3838f9e6,833086c869925765,2020-01-24,2020-01-25,,27in 4K gaming monitor,891b,317.14,website,direct,desktop,JP,2020,2020-01,2020-01-24,2020-01-20/2020-01-26,2020Q1,2020,2020-01,2020-01-25,2020-01-20/2020-01-26,2020Q1
9f10a187,83c37dde93e67241,2020-01-24,2020-01-27,,Nintendo Switch,e682,168.0,website,direct,desktop,US,2020,2020-01,2020-01-24,2020-01-20/2020-01-26,2020Q1,2020,2020-01,2020-01-27,2020-01-27/2020-02-02,2020Q1
fd7dd923,844a97334cd107082,2020-01-22,2020-01-25,,27in 4K gaming monitor,891b,480.0,website,direct,desktop,US,2020,2020-01,2020-01-22,2020-01-20/2020-01-26,2020Q1,2020,2020-01,2020-01-25,2020-01-20/2020-01-26,2020Q1
fd7dd923,844a97334cd107082,2020-01-22,2020-01-25,,27in 4K gaming monitor,891b,480.0,website,direct,desktop,US,2020,2020-01,2020-01-22,2020-01-20/2020-01-26,2020Q1,2020,2020-01,2020-01-25,2020-01-20/2020-01-26,2020Q1
ad8bdae3,847a84064f873537,2020-01-20,2020-01-23,,Nintendo Switch,8d0d,139.65,website,direct,desktop,CH,2020,2020-01,2020-01-20,2020-01-20/2020-01-26,2020Q1,2020,2020-01,2020-01-23,2020-01-20/2020-01-26,2020Q1
b5f16e9a,85262737d9c77077,2020-01-26,2020-01-28,,JBL Quantum 100 Gaming Headset,ab0f,24.0,website,direct,desktop,BR,2020,2020-01,2020-01-26,2020-01-20/2020-01-26,2020Q1,2020,2020-01,2020-01-28,2020-01-27/2020-02-02,2020Q1
98eef3a5,855b6d3203364712,2020-01-28,2020-01-30,,Nintendo Switch,8d0d,149.03,website,direct,desktop,ES,2020,2020-01,2020-01-28,2020-01-27/2020-02-02,2020Q1,2020,2020-01,2020-01-30,2020-01-27/2020-02-02,2020Q1
7054853b,857fa8f5c4d48398,2020-01-24,2020-01-27,,Nintendo Switch,e682,168.0,website,direct,desktop,US,2020,2020-01,2020-01-24,2020-01-20/2020-01-26,2020Q1,2020,2020-01,2020-01-27,2020-01-27/2020-02-02,2020Q1
98e92fb3,85dcacb595164701,2020-01-25,2020-01-28,,Nintendo Switch,8d0d,136.82,website,direct,desktop,AU,2020,2020-01,2020-01-25,2020-01-20/2020-01-26,2020Q1,2020,2020-01,2020-01-28,2020-01-27/2020-02-02,2020Q1
dd5bb3d3,85fbd48ab4c93532,2020-01-27,2020-01-29,,Nintendo Switch,97c6,192.0,website,email,mobile,IN,2020,2020-01,2020-01-27,2020-01-27/2020-02-02,2020Q1,2020,2020-01,2020-01-29,2020-01-27/2020-02-02,2020Q1
a7282cae,862049fe48970816,2020-01-29,2020-02-01,,Nintendo Switch,8d0d,168.0,website,direct,desktop,US,2020,2020-01,2020-01-29,2020-01-27/2020-02-02,2020Q1,2020,2020-02,2020-02-01,2020-01-27/2020-02-02,2020Q1
b87fa769,88a70bd3af378147,2020-01-21,2020-01-24,,Nintendo Switch,8d0d,168.0,website,direct,desktop,IS,2020,2020-01,2020-01-21,2020-01-20/2020-01-26,2020Q1,2020,2020-01,2020-01-24,2020-01-20/2020-01-26,2020Q1
f5686e35,8921b87e169103705,2020-01-22,2020-01-24,,JBL Quantum 100 Gaming Headset,ab0f,24.0,website,direct,desktop,US,2020,2020-01,2020-01-22,2020-01-20/2020-01-26,2020Q1,2020,2020-01,2020-01-24,2020-01-20/2020-01-26,2020Q1
6d4d3f01,89b49c2a5b947172,2020-01-29,2020-01-31,,JBL Quantum 100 Gaming Headset,ab0f,21.6,website,direct,mobile,ES,2020,2020-01,2020-01-29,2020-01-27/2020-02-02,2020Q1,2020,2020-01,2020-01-31,2020-01-27/2020-02-02,2020Q1
f930f574,89ff0987fce105261,2020-01-25,2020-01-26,,Nintendo Switch,8d0d,142.8,website,direct,mobile,BD,2020,2020-01,2020-01-25,2020-01-20/2020-01-26,2020Q1,2020,2020-01,2020-01-26,2020-01-20/2020-01-26,2020Q1
f930f574,89ff0987fce105262,2020-01-25,2020-01-26,,Nintendo Switch,8d0d,142.8,website,direct,mobile,BD,2020,2020-01,2020-01-25,2020-01-20/2020-01-26,2020Q1,2020,2020-01,2020-01-26,2020-01-20/2020-01-26,2020Q1
abbc51ed,8a08ff3f83272804,2020-01-23,2020-01-25,,JBL Quantum 100 Gaming Headset,ab0f,21.71,website,direct,mobile,RU,2020,2020-01,2020-01-23,2020-01-20/2020-01-26,2020Q1,2020,2020-01,2020-01-25,2020-01-20/2020-01-26,2020Q1
f618af28,8a79d14141b103965,2020-01-23,2020-01-25,3/1/2022,Nintendo Switch,e682,168.0,website,direct,mobile,US,2020,2020-01,2020-01-23,2020-01-20/2020-01-26,2020Q1,2020,2020-01,2020-01-25,2020-01-20/2020-01-26,2020Q1
05a3940c,8ba45d090815417,2020-01-23,2020-01-26,,27in 4K gaming monitor,2a50,338.78,mobile app,affiliate,unknown,,2020,2020-01,2020-01-23,2020-01-20/2020-01-26,2020Q1,2020,2020-01,2020-01-26,2020-01-20/2020-01-26,2020Q1
d8de813c,8bc5f08b6c691632,2020-01-31,2020-02-03,,Nintendo Switch,8d0d,139.2,website,direct,mobile,CH,2020,2020-01,2020-01-31,2020-01-27/2020-02-02,2020Q1,2020,2020-02,2020-02-03,2020-02-03/2020-02-09,2020Q1
72e1de20,8c451d95b9a49336,2020-01-28,2020-01-30,,Lenovo IdeaPad Gaming 3,04ac,990.72,website,direct,mobile,PL,2020,2020-01,2020-01-28,2020-01-27/2020-02-02,2020Q1,2020,2020-01,2020-01-30,2020-01-27/2020-02-02,2020Q1
d188208c,8c5031f8a4e88467,2020-01-20,2020-01-21,,JBL Quantum 100 Gaming Headset,ab0f,24.06,website,direct,mobile,GB,2020,2020-01,2020-01-20,2020-01-20/2020-01-26,2020Q1,2020,2020-01,2020-01-21,2020-01-20/2020-01-26,2020Q1
14d493e1,8c73cb1cea811518,2020-01-21,2020-01-22,6/18/2022,Nintendo Switch,8d0d,166.03,website,direct,mobile,GB,2020,2020-01,2020-01-21,2020-01-20/2020-01-26,2020Q1,2020,2020-01,2020-01-22,2020-01-20/2020-01-26,2020Q1
1dd5644a,8d105f63c0115213,2020-01-25,2020-01-28,,Nintendo Switch,8e5d,160.88,mobile app,affiliate,unknown,RU,2020,2020-01,2020-01-25,2020-01-20/2020-01-26,2020Q1,2020,2020-01,2020-01-28,2020-01-27/2020-02-02,2020Q1
1dd5644a,8d105f63c0115214,2020-01-25,2020-01-28,,Nintendo Switch,8e5d,160.88,mobile app,affiliate,unknown,RU,2020,2020-01,2020-01-25,2020-01-20/2020-01-26,2020Q1,2020,2020-01,2020-01-28,2020-01-27/2020-02-02,2020Q1
d6462a41,8d728269d3c90517,2020-01-20,2020-01-22,12/29/2021,Nintendo Switch,8d0d,168.0,website,direct,mobile,ZA,2020,2020-01,2020-01-20,2020-01-20/2020-01-26,2020Q1,2020,2020-01,2020-01-22,2020-01-20/2020-01-26,2020Q1
540f2aaa,8e69b1b171837043,2020-01-26,2020-01-27,1/15/2022,Nintendo Switch,8d0d,142.8,website,direct,mobile,US,2020,2020-01,2020-01-26,2020-01-20/2020-01-26,2020Q1,2020,2020-01,2020-01-27,2020-01-27/2020-02-02,2020Q1
515bfd3a,8f17d3f0be035984,2020-01-23,2020-01-25,,27in 4K gaming monitor,891b,480.0,website,direct,mobile,US,2020,2020-01,2020-01-23,2020-01-20/2020-01-26,2020Q1,2020,2020-01,2020-01-25,2020-01-20/2020-01-26,2020Q1
515bfd3a,8f17d3f0be035984,2020-01-23,2020-01-25,,27in 4K gaming monitor,891b,480.0,website,direct,mobile,US,2020,2020-01,2020-01-23,2020-01-20/2020-01-26,2020Q1,2020,2020-01,2020-01-25,2020-01-20/2020-01-26,2020Q1
c31160c4,90fc90dafff82620,2020-01-20,2020-01-22,,Nintendo Switch,8d0d,168.0,website,affiliate,unknown,US,2020,2020-01,2020-01-20,2020-01-20/2020-01-26,2020Q1,2020,2020-01,2020-01-22,2020-01-20/2020-01-26,2020Q1
df16fe82,9174ce3351694298,2020-01-27,2020-01-29,,Nintendo Switch,e682,168.0,website,direct,mobile,US,2020,2020-01,2020-01-27,2020-01-27/2020-02-02,2020Q1,2020,2020-01,2020-01-29,2020-01-27/2020-02-02,2020Q1
92250a0e,91ac9f734b261993,2020-01-22,2020-01-24,,27in 4K gaming monitor,891b,480.0,website,direct,mobile,US,2020,2020-01,2020-01-22,2020-01-20/2020-01-26,2020Q1,2020,2020-01,2020-01-24,2020-01-20/2020-01-26,2020Q1
92250a0e,91ac9f734b261993,2020-01-22,2020-01-24,,27in 4K gaming monitor,891b,480.0,website,direct,mobile,US,2020,2020-01,2020-01-22,2020-01-20/2020-01-26,2020Q1,2020,2020-01,2020-01-24,2020-01-20/2020-01-26,2020Q1
d017daeb,93c7a56da2687920,2020-01-26,2020-01-27,,JBL Quantum 100 Gaming Headset,ab0f,15.69,website,direct,mobile,AU,2020,2020-01,2020-01-26,2020-01-20/2020-01-26,2020Q1,2020,2020-01,2020-01-27,2020-01-27/2020-02-02,2020Q1
c8da2cdb,9408dd5d4be84930,2020-01-26,2020-01-29,,Nintendo Switch,e682,168.0,website,direct,mobile,US,2020,2020-01,2020-01-26,2020-01-20/2020-01-26,2020Q1,2020,2020-01,2020-01-29,2020-01-27/2020-02-02,2020Q1
765d4598,947893e0b2550716,2020-01-20,2020-01-22,,Nintendo Switch,8d0d,150.41,website,direct,mobile,FR,2020,2020-01,2020-01-20,2020-01-20/2020-01-26,2020Q1,2020,2020-01,2020-01-22,2020-01-20/2020-01-26,2020Q1
e8058091,9499afae3ce98007,2020-01-20,2020-01-22,4/23/2022,Nintendo Switch,8d0d,168.0,website,direct,mobile,US,2020,2020-01,2020-01-20,2020-01-20/2020-01-26,2020Q1,2020,2020-01,2020-01-22,2020-01-20/2020-01-26,2020Q1
d42b21d4,959aa7e57ef89564,2020-01-23,2020-01-24,1/20/2022,JBL Quantum 100 Gaming Headset,ab0f,24.0,website,affiliate,unknown,US,2020,2020-01,2020-01-23,2020-01-20/2020-01-26,2020Q1,2020,2020-01,2020-01-24,2020-01-20/2020-01-26,2020Q1
a17f6a13,98a31f3f5d068324,2020-01-24,2020-01-25,,JBL Quantum 100 Gaming Headset,ab0f,24.0,website,direct,mobile,SA,2020,2020-01,2020-01-24,2020-01-20/2020-01-26,2020Q1,2020,2020-01,2020-01-25,2020-01-20/2020-01-26,2020Q1
458594a9,98a71e9194131198,2020-01-26,2020-01-29,,Nintendo Switch,8d0d,150.41,website,direct,mobile,FR,2020,2020-01,2020-01-26,2020-01-20/2020-01-26,2020Q1,2020,2020-01,2020-01-29,2020-01-27/2020-02-02,2020Q1
8159c4ba,9adef0193be55181,2020-01-26,2020-01-27,,Nintendo Switch,8e5d,164.34,mobile app,direct,mobile,DE,2020,2020-01,2020-01-26,2020-01-20/2020-01-26,2020Q1,2020,2020-01,2020-01-27,2020-01-27/2020-02-02,2020Q1
6275d131,9b11d2cc80642693,2020-01-26,2020-01-29,,Nintendo Switch,8d0d,136.82,website,direct,mobile,AU,2020,2020-01,2020-01-26,2020-01-20/2020-01-26,2020Q1,2020,2020-01,2020-01-29,2020-01-27/2020-02-02,2020Q1
e83020ba,9b7c6ba3bd598079,2020-01-20,2020-01-22,,Nintendo Switch,8d0d,177.11,website,direct,mobile,GB,2020,2020-01,2020-01-20,2020-01-20/2020-01-26,2020Q1,2020,2020-01,2020-01-22,2020-01-20/2020-01-26,2020Q1
dd6f8dec,9c6d9a2be8893566,2020-01-24,2020-01-25,2/4/2022,Nintendo Switch,8d0d,142.8,website,direct,mobile,US,2020,2020-01,2020-01-24,2020-01-20/2020-01-26,2020Q1,2020,2020-01,2020-01-25,2020-01-20/2020-01-26,2020Q1
0773adb1,9d6ecf43ebd6115,2020-01-22,2020-01-24,,Nintendo Switch,8d0d,168.0,website,direct,mobile,US,2020,2020-01,2020-01-22,2020-01-20/2020-01-26,2020Q1,2020,2020-01,2020-01-24,2020-01-20/2020-01-26,2020Q1
1630541b,9e45688c81612029,2020-01-30,2020-02-01,,JBL Quantum 100 Gaming Headset,ab0f,21.82,website,direct,mobile,ES,2020,2020-01,2020-01-30,2020-01-27/2020-02-02,2020Q1,2020,2020-02,2020-02-01,2020-01-27/2020-02-02,2020Q1
1630541b,9e45688c81612030,2020-01-30,2020-02-01,,JBL Quantum 100 Gaming Headset,ab0f,21.82,website,direct,mobile,ES,2020,2020-01,2020-01-30,2020-01-27/2020-02-02,2020Q1,2020,2020-02,2020-02-01,2020-01-27/2020-02-02,2020Q1
547c1088,a000d5bf8fd37206,2020-01-22,2020-01-24,,Nintendo Switch,8d0d,168.0,website,affiliate,unknown,CZ,2020,2020-01,2020-01-22,2020-01-20/2020-01-26,2020Q1,2020,2020-01,2020-01-24,2020-01-20/2020-01-26,2020Q1
547a163a,a03fc649cf437200,2020-01-22,2020-01-24,,JBL Quantum 100 Gaming Headset,ab0f,24.0,website,direct,mobile,US,2020,2020-01,2020-01-22,2020-01-20/2020-01-26,2020Q1,2020,2020-01,2020-01-24,2020-01-20/2020-01-26,2020Q1
a014bf57,a08c1697ee267683,2020-01-20,2020-01-21,,JBL Quantum 100 Gaming Headset,ab0f,24.0,website,direct,mobile,US,2020,2020-01,2020-01-20,2020-01-20/2020-01-26,2020Q1,2020,2020-01,2020-01-21,2020-01-20/2020-01-26,2020Q1
f3611449,a1479bb8865102873,2020-01-25,2020-01-28,,JBL Quantum 100 Gaming Headset,ab0f,24.0,website,direct,mobile,IN,2020,2020-01,2020-01-25,2020-01-20/2020-01-26,2020Q1,2020,2020-01,2020-01-28,2020-01-27/2020-02-02,2020Q1
f3611449,a1479bb8865102874,2020-01-25,2020-01-28,,JBL Quantum 100 Gaming Headset,ab0f,24.0,website,direct,mobile,IN,2020,2020-01,2020-01-25,2020-01-20/2020-01-26,2020Q1,2020,2020-01,2020-01-28,2020-01-27/2020-02-02,2020Q1
d8649c7b,a170b9765e691428,2020-01-20,2020-01-23,,27in 4K gaming monitor,e7e6,480.0,website,direct,mobile,US,2020,2020-01,2020-01-20,2020-01-20/2020-01-26,2020Q1,2020,2020-01,2020-01-23,2020-01-20/2020-01-26,2020Q1
d8649c7b,a170b9765e691428,2020-01-20,2020-01-23,,27in 4K gaming monitor,e7e6,480.0,website,direct,mobile,US,2020,2020-01,2020-01-20,2020-01-20/2020-01-26,2020Q1,2020,2020-01,2020-01-23,2020-01-20/2020-01-26,2020Q1
1eb3aa0e,a298507846e15567,2020-01-27,2020-01-28,1/22/2022,Nintendo Switch,e682,168.0,website,direct,mobile,US,2020,2020-01,2020-01-27,2020-01-27/2020-02-02,2020Q1,2020,2020-01,2020-01-28,2020-01-27/2020-02-02,2020Q1
1eb3aa0e,a298507846e15568,2020-01-27,2020-01-28,1/22/2022,Nintendo Switch,e682,168.0,website,direct,mobile,US,2020,2020-01,2020-01-27,2020-01-27/2020-02-02,2020Q1,2020,2020-01,2020-01-28,2020-01-27/2020-02-02,2020Q1
c466caab,a4423107e2e83156,2020-01-27,2020-01-30,,27in 4K gaming monitor,891b,242.19,website,direct,mobile,MX,2020,2020-01,2020-01-27,2020-01-27/2020-02-02,2020Q1,2020,2020-01,2020-01-30,2020-01-27/2020-02-02,2020Q1
c466caab,a4423107e2e83156,2020-01-27,2020-01-30,,27in 4K gaming monitor,891b,242.19,website,direct,mobile,MX,2020,2020-01,2020-01-27,2020-01-27/2020-02-02,2020Q1,2020,2020-01,2020-01-30,2020-01-27/2020-02-02,2020Q1
8fbd8ef8,a47819ef58461020,2020-01-22,2020-01-25,,JBL Quantum 100 Gaming Headset,ab0f,8.44,website,direct,mobile,CA,2020,2020-01,2020-01-22,2020-01-20/2020-01-26,2020Q1,2020,2020-01,2020-01-25,2020-01-20/2020-01-26,2020Q1
8fbd8ef8,a47819ef58461021,2020-01-22,2020-01-25,,JBL Quantum 100 Gaming Headset,ab0f,8.44,website,direct,mobile,CA,2020,2020-01,2020-01-22,2020-01-20/2020-01-26,2020Q1,2020,2020-01,2020-01-25,2020-01-20/2020-01-26,2020Q1
5ec77880,a4d2df47bbd41301,2020-01-29,2020-01-31,3/11/2022,27in 4K gaming monitor,891b,384.0,website,direct,mobile,US,2020,2020-01,2020-01-29,2020-01-27/2020-02-02,2020Q1,2020,2020-01,2020-01-31,2020-01-27/2020-02-02,2020Q1
5ec77880,a4d2df47bbd41301,2020-01-29,2020-01-31,3/11/2022,27in 4K gaming monitor,891b,384.0,website,direct,mobile,US,2020,2020-01,2020-01-29,2020-01-27/2020-02-02,2020Q1,2020,2020-01,2020-01-31,2020-01-27/2020-02-02,2020Q1
0b60d6bc,a598fb6e6c87680,2020-01-25,2020-01-27,,Nintendo Switch,e682,168.0,website,direct,mobile,US,2020,2020-01,2020-01-25,2020-01-20/2020-01-26,2020Q1,2020,2020-01,2020-01-27,2020-01-27/2020-02-02,2020Q1
341f7162,a6a25e392b124142,2020-01-23,2020-01-26,,27in 4K gaming monitor,891b,431.41,website,direct,mobile,JP,2020,2020-01,2020-01-23,2020-01-20/2020-01-26,2020Q1,2020,2020-01,2020-01-26,2020-01-20/2020-01-26,2020Q1
341f7162,a6a25e392b124142,2020-01-23,2020-01-26,,27in 4K gaming monitor,891b,431.41,website,direct,mobile,JP,2020,2020-01,2020-01-23,2020-01-20/2020-01-26,2020Q1,2020,2020-01,2020-01-26,2020-01-20/2020-01-26,2020Q1
0660d92d,a71ba8c36875689,2020-01-22,2020-01-24,,Nintendo Switch,e682,168.0,website,direct,mobile,US,2020,2020-01,2020-01-22,2020-01-20/2020-01-26,2020Q1,2020,2020-01,2020-01-24,2020-01-20/2020-01-26,2020Q1
d5caff1a,a84435774cd90289,2020-01-29,2020-01-30,,Lenovo IdeaPad Gaming 3,04ac,1198.0,website,direct,mobile,US,2020,2020-01,2020-01-29,2020-01-27/2020-02-02,2020Q1,2020,2020-01,2020-01-30,2020-01-27/2020-02-02,2020Q1
d5caff1a,a84435774cd90290,2020-01-29,2020-01-30,,Lenovo IdeaPad Gaming 3,04ac,1198.0,website,direct,mobile,US,2020,2020-01,2020-01-29,2020-01-27/2020-02-02,2020Q1,2020,2020-01,2020-01-30,2020-01-27/2020-02-02,2020Q1
51d366a4,a8fa124232f36128,2020-01-22,2020-01-24,,Nintendo Switch,8d0d,168.0,website,direct,mobile,US,2020,2020-01,2020-01-22,2020-01-20/2020-01-26,2020Q1,2020,2020-01,2020-01-24,2020-01-20/2020-01-26,2020Q1
5c2515ca,aa93228f79e40256,2020-01-23,2020-01-25,,Nintendo Switch,8d0d,168.0,website,direct,mobile,US,2020,2020-01,2020-01-23,2020-01-20/2020-01-26,2020Q1,2020,2020-01,2020-01-25,2020-01-20/2020-01-26,2020Q1
5c2515ca,aa93228f79e40257,2020-01-23,2020-01-25,,Nintendo Switch,8d0d,168.0,website,direct,mobile,US,2020,2020-01,2020-01-23,2020-01-20/2020-01-26,2020Q1,2020,2020-01,2020-01-25,2020-01-20/2020-01-26,2020Q1
46c3ac73,ab0fe98b23031703,2020-01-31,2020-02-01,2/6/2022,Sony PlayStation 5 Bundle,54ed,1800.0,website,direct,mobile,BR,2020,2020-01,2020-01-31,2020-01-27/2020-02-02,2020Q1,2020,2020-02,2020-02-01,2020-01-27/2020-02-02,2020Q1
66a9edd1,abb2955c84c44359,2020-01-29,2020-01-30,,Nintendo Switch,8d0d,149.03,website,direct,mobile,AT,2020,2020-01,2020-01-29,2020-01-27/2020-02-02,2020Q1,2020,2020-01,2020-01-30,2020-01-27/2020-02-02,2020Q1
119cebb5,ac2663797e110190,2020-01-25,2020-01-28,,Nintendo Switch,e682,168.0,website,direct,mobile,BR,2020,2020-01,2020-01-25,2020-01-20/2020-01-26,2020Q1,2020,2020-01,2020-01-28,2020-01-27/2020-02-02,2020Q1
119cebb5,ac2663797e110191,2020-01-25,2020-01-28,,Nintendo Switch,e682,168.0,website,direct,mobile,BR,2020,2020-01,2020-01-25,2020-01-20/2020-01-26,2020Q1,2020,2020-01,2020-01-28,2020-01-27/2020-02-02,2020Q1
3ba80b4f,ad246c8d18d27169,2020-01-28,2020-01-29,,27in 4K gaming monitor,891b,480.0,website,direct,mobile,US,2020,2020-01,2020-01-28,2020-01-27/2020-02-02,2020Q1,2020,2020-01,2020-01-29,2020-01-27/2020-02-02,2020Q1
3ba80b4f,ad246c8d18d27169,2020-01-28,2020-01-29,,27in 4K gaming monitor,891b,480.0,website,direct,mobile,US,2020,2020-01,2020-01-28,2020-01-27/2020-02-02,2020Q1,2020,2020-01,2020-01-29,2020-01-27/2020-02-02,2020Q1
3bb56d71,add88586a5827183,2020-01-22,2020-01-23,,27in 4K gaming monitor,891b,484.89,website,email,mobile,GB,2020,2020-01,2020-01-22,2020-01-20/2020-01-26,2020Q1,2020,2020-01,2020-01-23,2020-01-20/2020-01-26,2020Q1
3bb56d71,add88586a5827183,2020-01-22,2020-01-23,,27in 4K gaming monitor,891b,484.89,website,email,desktop,GB,2020,2020-01,2020-01-22,2020-01-20/2020-01-26,2020Q1,2020,2020-01,2020-01-23,2020-01-20/2020-01-26,2020Q1
a9353dd2,ae1c268c1e771713,2020-01-31,2020-02-02,,Nintendo Switch,8d0d,142.8,website,direct,mobile,AR,2020,2020-01,2020-01-31,2020-01-27/2020-02-02,2020Q1,2020,2020-02,2020-02-02,2020-01-27/2020-02-02,2020Q1
16e89c6f,ae3709c963b12329,2020-01-27,2020-01-28,,JBL Quantum 100 Gaming Headset,ab0f,21.55,website,direct,mobile,IE,2020,2020-01,2020-01-27,2020-01-27/2020-02-02,2020Q1,2020,2020-01,2020-01-28,2020-01-27/2020-02-02,2020Q1
16e89c6f,ae3709c963b12330,2020-01-27,2020-01-28,,JBL Quantum 100 Gaming Headset,ab0f,21.55,website,direct,mobile,IE,2020,2020-01,2020-01-27,2020-01-27/2020-02-02,2020Q1,2020,2020-01,2020-01-28,2020-01-27/2020-02-02,2020Q1
87bd5f45,ae70e2123cd57705,2020-01-25,2020-01-26,,JBL Quantum 100 Gaming Headset,ab0f,19.85,website,email,mobile,SE,2020,2020-01,2020-01-25,2020-01-20/2020-01-26,2020Q1,2020,2020-01,2020-01-26,2020-01-20/2020-01-26,2020Q1
e57822f3,afd1b1daa8f96939,2020-01-20,2020-01-23,,27in 4K gaming monitor,891b,480.0,website,direct,desktop,US,2020,2020-01,2020-01-20,2020-01-20/2020-01-26,2020Q1,2020,2020-01,2020-01-23,2020-01-20/2020-01-26,2020Q1
e57822f3,afd1b1daa8f96939,2020-01-20,2020-01-23,,27in 4K gaming monitor,891b,480.0,website,direct,desktop,US,2020,2020-01,2020-01-20,2020-01-20/2020-01-26,2020Q1,2020,2020-01,2020-01-23,2020-01-20/2020-01-26,2020Q1
a978e0c3,b0d3712ec4071848,2020-01-24,2020-01-26,,Nintendo Switch,8d0d,168.0,website,direct,desktop,US,2020,2020-01,2020-01-24,2020-01-20/2020-01-26,2020Q1,2020,2020-01,2020-01-26,2020-01-20/2020-01-26,2020Q1
99885ddc,b257edee57864921,2020-01-20,2020-01-23,,JBL Quantum 100 Gaming Headset,ab0f,24.6,website,direct,desktop,RU,2020,2020-01,2020-01-20,2020-01-20/2020-01-26,2020Q1,2020,2020-01,2020-01-23,2020-01-20/2020-01-26,2020Q1
487a3224,b28872ec17f32336,2020-01-25,2020-01-26,,Sony PlayStation 5 Bundle,54ed,1310.59,website,direct,desktop,CA,2020,2020-01,2020-01-25,2020-01-20/2020-01-26,2020Q1,2020,2020-01,2020-01-26,2020-01-20/2020-01-26,2020Q1
72f6d168,b2de3560bdc49371,2020-01-31,2020-02-03,,Lenovo IdeaPad Gaming 3,9ef0,1198.0,website,direct,desktop,US,2020,2020-01,2020-01-31,2020-01-27/2020-02-02,2020Q1,2020,2020-02,2020-02-03,2020-02-03/2020-02-09,2020Q1
72f6d168,b2de3560bdc49372,2020-01-31,2020-02-03,,Lenovo IdeaPad Gaming 3,9ef0,1198.0,website,direct,desktop,US,2020,2020-01,2020-01-31,2020-01-27/2020-02-02,2020Q1,2020,2020-02,2020-02-03,2020-02-03/2020-02-09,2020Q1
fa6c9532,b59f5061d61105811,2020-01-27,2020-01-29,,Sony PlayStation 5 Bundle,54ed,1800.0,website,direct,desktop,US,2020,2020-01,2020-01-27,2020-01-27/2020-02-02,2020Q1,2020,2020-01,2020-01-29,2020-01-27/2020-02-02,2020Q1
04ead4e9,b624697ff615125,2020-01-22,2020-01-24,,Nintendo Switch,8d0d,138.24,website,email,mobile,CH,2020,2020-01,2020-01-22,2020-01-20/2020-01-26,2020Q1,2020,2020-01,2020-01-24,2020-01-20/2020-01-26,2020Q1
5db5512c,b690baa6c6940872,2020-01-21,2020-01-22,2/1/2022,Nintendo Switch,8d0d,142.8,website,direct,desktop,US,2020,2020-01,2020-01-21,2020-01-20/2020-01-26,2020Q1,2020,2020-01,2020-01-22,2020-01-20/2020-01-26,2020Q1
94dd4867,b70691c26f863097,2020-01-30,2020-01-31,,Nintendo Switch,8d0d,150.41,website,direct,desktop,DE,2020,2020-01,2020-01-30,2020-01-27/2020-02-02,2020Q1,2020,2020-01,2020-01-31,2020-01-27/2020-02-02,2020Q1
b0f80290,b75b1ec3d3175005,2020-01-29,2020-02-01,,27in 4K gaming monitor,891b,458.32,website,direct,desktop,US,2020,2020-01,2020-01-29,2020-01-27/2020-02-02,2020Q1,2020,2020-02,2020-02-01,2020-01-27/2020-02-02,2020Q1
b0f80290,b75b1ec3d3175005,2020-01-29,2020-02-01,,27in 4K gaming monitor,891b,458.32,website,direct,desktop,US,2020,2020-01,2020-01-29,2020-01-27/2020-02-02,2020Q1,2020,2020-02,2020-02-01,2020-01-27/2020-02-02,2020Q1
f1e72cbd,b7bf7d13307102233,2020-01-26,2020-01-29,,Nintendo Switch,8d0d,168.0,website,direct,desktop,US,2020,2020-01,2020-01-26,2020-01-20/2020-01-26,2020Q1,2020,2020-01,2020-01-29,2020-01-27/2020-02-02,2020Q1
b7dc3969,b7f9941a1a277888,2020-01-23,2020-01-24,,27in 4K gaming monitor,891b,288.61,website,direct,desktop,DE,2020,2020-01,2020-01-23,2020-01-20/2020-01-26,2020Q1,2020,2020-01,2020-01-24,2020-01-20/2020-01-26,2020Q1
b7dc3969,b7f9941a1a277888,2020-01-23,2020-01-24,,27in 4K gaming monitor,891b,288.61,website,direct,desktop,DE,2020,2020-01,2020-01-23,2020-01-20/2020-01-26,2020Q1,2020,2020-01,2020-01-24,2020-01-20/2020-01-26,2020Q1
2ac27c0c,b96dc8369ee20299,2020-01-29,2020-01-31,,27in 4K gaming monitor,891b,484.89,website,direct,desktop,GB,2020,2020-01,2020-01-29,2020-01-27/2020-02-02,2020Q1,2020,2020-01,2020-01-31,2020-01-27/2020-02-02,2020Q1
2ac27c0c,b96dc8369ee20299,2020-01-29,2020-01-31,,27in 4K gaming monitor,891b,484.89,website,direct,desktop,GB,2020,2020-01,2020-01-29,2020-01-27/2020-02-02,2020Q1,2020,2020-01,2020-01-31,2020-01-27/2020-02-02,2020Q1
d44efcf9,b9938f0938789621,2020-01-20,2020-01-21,,Nintendo Switch,8d0d,148.67,website,direct,desktop,FR,2020,2020-01,2020-01-20,2020-01-20/2020-01-26,2020Q1,2020,2020-01,2020-01-21,2020-01-20/2020-01-26,2020Q1
d640f90d,bba1775558290507,2020-01-20,2020-01-21,,27in 4K gaming monitor,891b,234.0,website,direct,desktop,US,2020,2020-01,2020-01-20,2020-01-20/2020-01-26,2020Q1,2020,2020-01,2020-01-21,2020-01-20/2020-01-26,2020Q1
d640f90d,bba1775558290507,2020-01-20,2020-01-21,,27in 4K gaming monitor,891b,234.0,website,direct,desktop,US,2020,2020-01,2020-01-20,2020-01-20/2020-01-26,2020Q1,2020,2020-01,2020-01-21,2020-01-20/2020-01-26,2020Q1
91a9a419,bc1660e480c61769,2020-01-28,2020-01-29,,Nintendo Switch,8d0d,168.0,website,email,mobile,BR,2020,2020-01,2020-01-28,2020-01-27/2020-02-02,2020Q1,2020,2020-01,2020-01-29,2020-01-27/2020-02-02,2020Q1
91a9a419,bc1660e480c61770,2020-01-28,2020-01-29,,Nintendo Switch,8d0d,168.0,website,email,mobile,BR,2020,2020-01,2020-01-28,2020-01-27/2020-02-02,2020Q1,2020,2020-01,2020-01-29,2020-01-27/2020-02-02,2020Q1
192d5556,bce7026b85713216,2020-01-27,2020-01-30,,Nintendo Switch,8d0d,168.0,website,direct,desktop,US,2020,2020-01,2020-01-27,2020-01-27/2020-02-02,2020Q1,2020,2020-01,2020-01-30,2020-01-27/2020-02-02,2020Q1
ab2e5b22,bd985a4790b72582,2020-01-22,2020-01-24,,Nintendo Switch,8d0d,150.41,website,direct,desktop,DK,2020,2020-01,2020-01-22,2020-01-20/2020-01-26,2020Q1,2020,2020-01,2020-01-24,2020-01-20/2020-01-26,2020Q1
9e14af09,bec682b62ff66811,2020-01-20,2020-01-21,,JBL Quantum 100 Gaming Headset,ab0f,24.0,website,email,mobile,US,2020,2020-01,2020-01-20,2020-01-20/2020-01-26,2020Q1,2020,2020-01,2020-01-21,2020-01-20/2020-01-26,2020Q1
71b6aaf4,c0f378842d748881,2020-01-30,2020-02-01,,JBL Quantum 100 Gaming Headset,ab0f,25.66,website,direct,desktop,GB,2020,2020-01,2020-01-30,2020-01-27/2020-02-02,2020Q1,2020,2020-02,2020-02-01,2020-01-27/2020-02-02,2020Q1
ee3d254c,c16a07c3e31100634,2020-01-25,2020-01-27,,Sony PlayStation 5 Bundle,54ed,1800.0,website,direct,desktop,US,2020,2020-01,2020-01-25,2020-01-20/2020-01-26,2020Q1,2020,2020-01,2020-01-27,2020-01-27/2020-02-02,2020Q1
b8a36cc4,c182a1c1f9978214,2020-01-22,2020-01-25,3/7/2022,Nintendo Switch,8d0d,168.0,website,direct,desktop,US,2020,2020-01,2020-01-22,2020-01-20/2020-01-26,2020Q1,2020,2020-01,2020-01-25,2020-01-20/2020-01-26,2020Q1
e3124daf,c1acb5f724095913,2020-01-21,2020-01-24,,27in 4K gaming monitor,891b,438.06,website,affiliate,unknown,CA,2020,2020-01,2020-01-21,2020-01-20/2020-01-26,2020Q1,2020,2020-01,2020-01-24,2020-01-20/2020-01-26,2020Q1
e3124daf,c1acb5f724095913,2020-01-21,2020-01-24,,27in 4K gaming monitor,891b,438.06,website,affiliate,unknown,CA,2020,2020-01,2020-01-21,2020-01-20/2020-01-26,2020Q1,2020,2020-01,2020-01-24,2020-01-20/2020-01-26,2020Q1
e3124daf,c1acb5f724095914,2020-01-21,2020-01-24,,27in 4K gaming monitor,891b,438.06,website,affiliate,unknown,CA,2020,2020-01,2020-01-21,2020-01-20/2020-01-26,2020Q1,2020,2020-01,2020-01-24,2020-01-20/2020-01-26,2020Q1
e3124daf,c1acb5f724095914,2020-01-21,2020-01-24,,27in 4K gaming monitor,891b,438.06,website,affiliate,unknown,CA,2020,2020-01,2020-01-21,2020-01-20/2020-01-26,2020Q1,2020,2020-01,2020-01-24,2020-01-20/2020-01-26,2020Q1
e842eb6a,c21286e5bf198122,2020-01-31,2020-02-02,,Nintendo Switch,8d0d,148.67,website,direct,desktop,DE,2020,2020-01,2020-01-31,2020-01-27/2020-02-02,2020Q1,2020,2020-02,2020-02-02,2020-01-27/2020-02-02,2020Q1
3ea924e9,c214e06517828390,2020-01-31,2020-02-03,,Nintendo Switch,8d0d,148.67,website,direct,desktop,ES,2020,2020-01,2020-01-31,2020-01-27/2020-02-02,2020Q1,2020,2020-02,2020-02-03,2020-02-03/2020-02-09,2020Q1
3ea924e9,c214e06517828391,2020-01-31,2020-02-03,,Nintendo Switch,8d0d,148.67,website,direct,desktop,ES,2020,2020-01,2020-01-31,2020-01-27/2020-02-02,2020Q1,2020,2020-02,2020-02-03,2020-02-03/2020-02-09,2020Q1
ea750807,c279edc461299046,2020-01-28,2020-01-30,2/26/2022,27in 4K gaming monitor,891b,392.96,website,affiliate,unknown,US,2020,2020-01,2020-01-28,2020-01-27/2020-02-02,2020Q1,2020,2020-01,2020-01-30,2020-01-27/2020-02-02,2020Q1
ea750807,c279edc461299046,2020-01-28,2020-01-30,2/26/2022,27in 4K gaming monitor,891b,392.96,website,affiliate,unknown,US,2020,2020-01,2020-01-28,2020-01-27/2020-02-02,2020Q1,2020,2020-01,2020-01-30,2020-01-27/2020-02-02,2020Q1
3d6edc01,c2df6a5344a27880,2020-01-28,2020-01-31,,Nintendo Switch,8d0d,148.67,website,direct,desktop,ES,2020,2020-01,2020-01-28,2020-01-27/2020-02-02,2020Q1,2020,2020-01,2020-01-31,2020-01-27/2020-02-02,2020Q1
fbc4b7d3,c4a6b8699b5106325,2020-01-28,2020-01-31,,27in 4K gaming monitor,e7e6,431.27,website,direct,desktop,CA,2020,2020-01,2020-01-28,2020-01-27/2020-02-02,2020Q1,2020,2020-01,2020-01-31,2020-01-27/2020-02-02,2020Q1
fbc4b7d3,c4a6b8699b5106325,2020-01-28,2020-01-31,,27in 4K gaming monitor,e7e6,431.27,website,direct,desktop,CA,2020,2020-01,2020-01-28,2020-01-27/2020-02-02,2020Q1,2020,2020-01,2020-01-31,2020-01-27/2020-02-02,2020Q1
302ede8d,c560e7a0ebf22585,2020-01-22,2020-01-23,,JBL Quantum 100 Gaming Headset,ab0f,24.0,website,direct,desktop,US,2020,2020-01,2020-01-22,2020-01-20/2020-01-26,2020Q1,2020,2020-01,2020-01-23,2020-01-20/2020-01-26,2020Q1
0d27d628,c67e28581e08410,2020-01-29,2020-01-30,1/23/2022,Nintendo Switch,e682,168.0,website,direct,desktop,US,2020,2020-01,2020-01-29,2020-01-27/2020-02-02,2020Q1,2020,2020-01,2020-01-30,2020-01-27/2020-02-02,2020Q1
a08e87f5,c6ae92bfd8a67910,2020-01-26,2020-01-28,2/24/2022,27in 4K gaming monitor,e7e6,480.0,website,direct,desktop,US,2020,2020-01,2020-01-26,2020-01-20/2020-01-26,2020Q1,2020,2020-01,2020-01-28,2020-01-27/2020-02-02,2020Q1
a08e87f5,c6ae92bfd8a67910,2020-01-26,2020-01-28,2/24/2022,27in 4K gaming monitor,e7e6,480.0,website,direct,desktop,US,2020,2020-01,2020-01-26,2020-01-20/2020-01-26,2020Q1,2020,2020-01,2020-01-28,2020-01-27/2020-02-02,2020Q1
46b3ec0b,c7db1dd0e1c31654,2020-01-24,2020-01-27,,Nintendo Switch,8d0d,150.53,website,email,mobile,FR,2020,2020-01,2020-01-24,2020-01-20/2020-01-26,2020Q1,2020,2020-01,2020-01-27,2020-01-27/2020-02-02,2020Q1
46b3ec0b,c7db1dd0e1c31655,2020-01-24,2020-01-27,,Nintendo Switch,8d0d,150.53,website,email,mobile,FR,2020,2020-01,2020-01-24,2020-01-20/2020-01-26,2020Q1,2020,2020-01,2020-01-27,2020-01-27/2020-02-02,2020Q1
66fb9c00,c8b94b18fa644487,2020-01-20,2020-01-21,,Nintendo Switch,8d0d,168.0,website,direct,desktop,AR,2020,2020-01,2020-01-20,2020-01-20/2020-01-26,2020Q1,2020,2020-01,2020-01-21,2020-01-20/2020-01-26,2020Q1
66fb9c00,c8b94b18fa644488,2020-01-20,2020-01-21,,Nintendo Switch,8d0d,168.0,website,direct,desktop,AR,2020,2020-01,2020-01-20,2020-01-20/2020-01-26,2020Q1,2020,2020-01,2020-01-21,2020-01-20/2020-01-26,2020Q1
c2c8b049,c9918422a9982483,2020-01-21,2020-01-22,,27in 4K gaming monitor,891b,367.79,website,direct,desktop,CA,2020,2020-01,2020-01-21,2020-01-20/2020-01-26,2020Q1,2020,2020-01,2020-01-22,2020-01-20/2020-01-26,2020Q1
c2c8b049,c9918422a9982483,2020-01-21,2020-01-22,,27in 4K gaming monitor,891b,367.79,website,direct,desktop,CA,2020,2020-01,2020-01-21,2020-01-20/2020-01-26,2020Q1,2020,2020-01,2020-01-22,2020-01-20/2020-01-26,2020Q1
ac808d34,ca26f902f9173087,2020-01-24,2020-01-27,1/27/2022,Nintendo Switch,e682,168.0,website,direct,desktop,US,2020,2020-01,2020-01-24,2020-01-20/2020-01-26,2020Q1,2020,2020-01,2020-01-27,2020-01-27/2020-02-02,2020Q1
46ecd10a,cbb580a438c31783,2020-01-21,2020-01-24,,Nintendo Switch,e682,168.0,website,social media,tablet,GB,2020,2020-01,2020-01-21,2020-01-20/2020-01-26,2020Q1,2020,2020-01,2020-01-24,2020-01-20/2020-01-26,2020Q1
684ce827,cd44ae956ae45006,2020-01-27,2020-01-28,,JBL Quantum 100 Gaming Headset,ab0f,24.0,website,direct,desktop,US,2020,2020-01,2020-01-27,2020-01-27/2020-02-02,2020Q1,2020,2020-01,2020-01-28,2020-01-27/2020-02-02,2020Q1
7216488f,cd4e316ffa949024,2020-01-31,2020-02-02,,27in 4K gaming monitor,891b,373.26,website,direct,desktop,US,2020,2020-01,2020-01-31,2020-01-27/2020-02-02,2020Q1,2020,2020-02,2020-02-02,2020-01-27/2020-02-02,2020Q1
7216488f,cd4e316ffa949024,2020-01-31,2020-02-02,,27in 4K gaming monitor,891b,373.26,website,direct,desktop,US,2020,2020-01,2020-01-31,2020-01-27/2020-02-02,2020Q1,2020,2020-02,2020-02-02,2020-01-27/2020-02-02,2020Q1
7216488f,cd4e316ffa949025,2020-01-31,2020-02-02,,27in 4K gaming monitor,891b,373.26,website,direct,desktop,US,2020,2020-01,2020-01-31,2020-01-27/2020-02-02,2020Q1,2020,2020-02,2020-02-02,2020-01-27/2020-02-02,2020Q1
7216488f,cd4e316ffa949025,2020-01-31,2020-02-02,,27in 4K gaming monitor,891b,373.26,website,direct,desktop,US,2020,2020-01,2020-01-31,2020-01-27/2020-02-02,2020Q1,2020,2020-02,2020-02-02,2020-01-27/2020-02-02,2020Q1
f133be7b,d069de63bb2101944,2020-01-30,2020-02-02,,Nintendo Switch,8d0d,168.0,website,direct,desktop,US,2020,2020-01,2020-01-30,2020-01-27/2020-02-02,2020Q1,2020,2020-02,2020-02-02,2020-01-27/2020-02-02,2020Q1
d7463ff9,d0ed921429e90936,2020-01-23,2020-01-25,,Nintendo Switch,8d0d,142.8,website,direct,desktop,BY,2020,2020-01,2020-01-23,2020-01-20/2020-01-26,2020Q1,2020,2020-01,2020-01-25,2020-01-20/2020-01-26,2020Q1
5496d195,d2108844c2837260,2020-01-22,2020-01-23,,JBL Quantum 100 Gaming Headset,8315,23.44,mobile app,email,mobile,AU,2020,2020-01,2020-01-22,2020-01-20/2020-01-26,2020Q1,2020,2020-01,2020-01-23,2020-01-20/2020-01-26,2020Q1
9c0f5075,d2e7046bee666010,2020-01-31,2020-02-01,,Nintendo Switch,8d0d,168.0,website,email,mobile,US,2020,2020-01,2020-01-31,2020-01-27/2020-02-02,2020Q1,2020,2020-02,2020-02-01,2020-01-27/2020-02-02,2020Q1
4363595a,d31b1d4a26b30341,2020-01-28,2020-01-30,,JBL Quantum 100 Gaming Headset,ab0f,25.51,website,direct,desktop,IL,2020,2020-01,2020-01-28,2020-01-27/2020-02-02,2020Q1,2020,2020-01,2020-01-30,2020-01-27/2020-02-02,2020Q1
6716249a,d35c366a31244530,2020-01-26,2020-01-27,,JBL Quantum 100 Gaming Headset,8315,23.24,mobile app,direct,desktop,CA,2020,2020-01,2020-01-26,2020-01-20/2020-01-26,2020Q1,2020,2020-01,2020-01-27,2020-01-27/2020-02-02,2020Q1
cef25d4e,d3df67b55d887455,2020-01-22,2020-01-25,,JBL Quantum 100 Gaming Headset,ab0f,24.0,website,direct,desktop,US,2020,2020-01,2020-01-22,2020-01-20/2020-01-26,2020Q1,2020,2020-01,2020-01-25,2020-01-20/2020-01-26,2020Q1
4aeaa4c6,d531fff943233302,2020-01-26,2020-01-27,,JBL Quantum 100 Gaming Headset,ab0f,24.0,website,direct,desktop,KZ,2020,2020-01,2020-01-26,2020-01-20/2020-01-26,2020Q1,2020,2020-01,2020-01-27,2020-01-27/2020-02-02,2020Q1
9dd5e0b2,d65671153a166716,2020-01-25,2020-01-27,1/6/2022,27in 4K gaming monitor,e7e6,480.0,website,direct,desktop,US,2020,2020-01,2020-01-25,2020-01-20/2020-01-26,2020Q1,2020,2020-01,2020-01-27,2020-01-27/2020-02-02,2020Q1
9dd5e0b2,d65671153a166716,2020-01-25,2020-01-27,1/6/2022,27in 4K gaming monitor,e7e6,480.0,website,direct,desktop,US,2020,2020-01,2020-01-25,2020-01-20/2020-01-26,2020Q1,2020,2020-01,2020-01-27,2020-01-27/2020-02-02,2020Q1
70924510,d6a79ac85041868,2020-01-29,2020-01-31,6/2/2021,Sony PlayStation 5 Bundle,54ed,1591.48,website,direct,desktop,CR,2020,2020-01,2020-01-29,2020-01-27/2020-02-02,2020Q1,2020,2020-01,2020-01-31,2020-01-27/2020-02-02,2020Q1
60300000,d6d528593aa1603,2020-01-27,2020-01-29,,Nintendo Switch,8d0d,168.0,website,direct,desktop,US,2020,2020-01,2020-01-27,2020-01-27/2020-02-02,2020Q1,2020,2020-01,2020-01-29,2020-01-27/2020-02-02,2020Q1
fe305c44,d720d8e3180107390,2020-01-19,2020-01-20,,JBL Quantum 100 Gaming Headset,ab0f,24.0,website,direct,desktop,US,2020,2020-01,2020-01-19,2020-01-13/2020-01-19,2020Q1,2020,2020-01,2020-01-20,2020-01-20/2020-01-26,2020Q1
4154e9bb,d8a4c28812629522,2020-01-22,2020-01-24,,Nintendo Switch,e682,136.82,website,direct,desktop,AU,2020,2020-01,2020-01-22,2020-01-20/2020-01-26,2020Q1,2020,2020-01,2020-01-24,2020-01-20/2020-01-26,2020Q1
ec59b073,d8be4b1d08b99862,2020-01-27,2020-01-28,,27in 4K gaming monitor,891b,432.18,website,direct,desktop,NO,2020,2020-01,2020-01-27,2020-01-27/2020-02-02,2020Q1,2020,2020-01,2020-01-28,2020-01-27/2020-02-02,2020Q1
ec59b073,d8be4b1d08b99862,2020-01-27,2020-01-28,,27in 4K gaming monitor,891b,432.18,website,direct,desktop,NO,2020,2020-01,2020-01-27,2020-01-27/2020-02-02,2020Q1,2020,2020-01,2020-01-28,2020-01-27/2020-02-02,2020Q1
d8f5b1ca,da48cd808b991671,2020-01-26,2020-01-28,,27in 4K gaming monitor,891b,480.0,website,direct,desktop,US,2020,2020-01,2020-01-26,2020-01-20/2020-01-26,2020Q1,2020,2020-01,2020-01-28,2020-01-27/2020-02-02,2020Q1
d8f5b1ca,da48cd808b991671,2020-01-26,2020-01-28,,27in 4K gaming monitor,891b,480.0,website,direct,desktop,US,2020,2020-01,2020-01-26,2020-01-20/2020-01-26,2020Q1,2020,2020-01,2020-01-28,2020-01-27/2020-02-02,2020Q1
e2d73069,dab4e97af2095826,2020-01-26,2020-01-29,,27in 4K gaming monitor,891b,401.28,website,direct,desktop,UA,2020,2020-01,2020-01-26,2020-01-20/2020-01-26,2020Q1,2020,2020-01,2020-01-29,2020-01-27/2020-02-02,2020Q1
e2d73069,dab4e97af2095826,2020-01-26,2020-01-29,,27in 4K gaming monitor,891b,401.28,website,direct,desktop,UA,2020,2020-01,2020-01-26,2020-01-20/2020-01-26,2020Q1,2020,2020-01,2020-01-29,2020-01-27/2020-02-02,2020Q1
201e305f,dca48a663a216120,2020-01-27,2020-01-29,,Nintendo Switch,b5f7,167.98,mobile app,email,mobile,US,2020,2020-01,2020-01-27,2020-01-27/2020-02-02,2020Q1,2020,2020-01,2020-01-29,2020-01-27/2020-02-02,2020Q1
8cc04ccf,dd88491fc1b59795,2020-01-23,2020-01-25,,Nintendo Switch,8d0d,168.0,website,direct,desktop,US,2020,2020-01,2020-01-23,2020-01-20/2020-01-26,2020Q1,2020,2020-01,2020-01-25,2020-01-20/2020-01-26,2020Q1
d7a6668f,ddfc770164f91102,2020-01-25,2020-01-26,,Lenovo IdeaPad Gaming 3,04ac,1198.0,website,direct,desktop,US,2020,2020-01,2020-01-25,2020-01-20/2020-01-26,2020Q1,2020,2020-01,2020-01-26,2020-01-20/2020-01-26,2020Q1
97456cd2,df3b74a29bc64065,2020-01-20,2020-01-21,,Nintendo Switch,e682,168.0,website,direct,desktop,US,2020,2020-01,2020-01-20,2020-01-20/2020-01-26,2020Q1,2020,2020-01,2020-01-21,2020-01-20/2020-01-26,2020Q1
c52d264d,df650bb672783436,2020-01-31,2020-02-02,,Sony PlayStation 5 Bundle,54ed,1530.0,website,direct,desktop,US,2020,2020-01,2020-01-31,2020-01-27/2020-02-02,2020Q1,2020,2020-02,2020-02-02,2020-01-27/2020-02-02,2020Q1
44855c0b,e092d1e728530803,2020-01-28,2020-01-31,,Nintendo Switch,e682,175.86,website,direct,desktop,GB,2020,2020-01,2020-01-28,2020-01-27/2020-02-02,2020Q1,2020,2020-01,2020-01-31,2020-01-27/2020-02-02,2020Q1
30480ca8,e199beafcd222621,2020-01-27,2020-01-28,,Nintendo Switch,8d0d,132.03,website,email,mobile,AU,2020,2020-01,2020-01-27,2020-01-27/2020-02-02,2020Q1,2020,2020-01,2020-01-28,2020-01-27/2020-02-02,2020Q1
a15e3d24,e410ab38e7b68260,2020-01-21,2020-01-24,,Nintendo Switch,e682,168.0,website,direct,desktop,US,2020,2020-01,2020-01-21,2020-01-20/2020-01-26,2020Q1,2020,2020-01,2020-01-24,2020-01-20/2020-01-26,2020Q1
70de58bf,e4689fe7ddd48592,2020-01-28,2020-01-31,,JBL Quantum 100 Gaming Headset,ab0f,24.0,website,direct,desktop,BY,2020,2020-01,2020-01-28,2020-01-27/2020-02-02,2020Q1,2020,2020-01,2020-01-31,2020-01-27/2020-02-02,2020Q1
7de32c7c,e5673ad22c453768,2020-01-24,2020-01-27,,Nintendo Switch,e682,168.0,website,direct,desktop,US,2020,2020-01,2020-01-24,2020-01-20/2020-01-26,2020Q1,2020,2020-01,2020-01-27,2020-01-27/2020-02-02,2020Q1
408ef2e4,e7128a9f4e629201,2020-01-23,2020-01-26,,27in 4K gaming monitor,e7e6,480.0,website,direct,desktop,MY,2020,2020-01,2020-01-23,2020-01-20/2020-01-26,2020Q1,2020,2020-01,2020-01-26,2020-01-20/2020-01-26,2020Q1
408ef2e4,e7128a9f4e629201,2020-01-23,2020-01-26,,27in 4K gaming monitor,e7e6,480.0,website,direct,desktop,MY,2020,2020-01,2020-01-23,2020-01-20/2020-01-26,2020Q1,2020,2020-01,2020-01-26,2020-01-20/2020-01-26,2020Q1
c4ce1107,e7540b36f8683296,2020-01-25,2020-01-26,1/5/2022,Nintendo Switch,8d0d,142.8,website,email,mobile,US,2020,2020-01,2020-01-25,2020-01-20/2020-01-26,2020Q1,2020,2020-01,2020-01-26,2020-01-20/2020-01-26,2020Q1
327be286,e7ce8a75d3123500,2020-01-29,2020-01-31,,Dell Gaming Mouse,b0ee,49.98,mobile app,direct,desktop,US,2020,2020-01,2020-01-29,2020-01-27/2020-02-02,2020Q1,2020,2020-01,2020-01-31,2020-01-27/2020-02-02,2020Q1
cf338a59,e9578cfdaf787578,2020-01-23,2020-01-26,,JBL Quantum 100 Gaming Headset,ab0f,21.6,website,direct,desktop,DE,2020,2020-01,2020-01-23,2020-01-20/2020-01-26,2020Q1,2020,2020-01,2020-01-26,2020-01-20/2020-01-26,2020Q1
cf338a59,e9578cfdaf787579,2020-01-23,2020-01-26,,JBL Quantum 100 Gaming Headset,ab0f,21.6,website,direct,desktop,DE,2020,2020-01,2020-01-23,2020-01-20/2020-01-26,2020Q1,2020,2020-01,2020-01-26,2020-01-20/2020-01-26,2020Q1
929c05c5,ea9ea542b7a62189,2020-01-27,2020-01-29,,Nintendo Switch,8d0d,150.21,website,direct,desktop,KR,2020,2020-01,2020-01-27,2020-01-27/2020-02-02,2020Q1,2020,2020-01,2020-01-29,2020-01-27/2020-02-02,2020Q1
2c0eb315,eb675a4e5d120843,2020-01-21,2020-01-24,,Nintendo Switch,8d0d,168.0,website,direct,desktop,US,2020,2020-01,2020-01-21,2020-01-20/2020-01-26,2020Q1,2020,2020-01,2020-01-24,2020-01-20/2020-01-26,2020Q1
099d8be7,ec21fb7726e6954,2020-01-27,2020-01-28,,27in 4K gaming monitor,891b,407.22,website,direct,desktop,DE,2020,2020-01,2020-01-27,2020-01-27/2020-02-02,2020Q1,2020,2020-01,2020-01-28,2020-01-27/2020-02-02,2020Q1
099d8be7,ec21fb7726e6954,2020-01-27,2020-01-28,,27in 4K gaming monitor,891b,407.22,website,direct,desktop,DE,2020,2020-01,2020-01-27,2020-01-27/2020-02-02,2020Q1,2020,2020-01,2020-01-28,2020-01-27/2020-02-02,2020Q1
8ea2ce92,efada1e940e60569,2020-01-23,2020-01-25,,Nintendo Switch,8d0d,135.84,website,direct,desktop,AU,2020,2020-01,2020-01-23,2020-01-20/2020-01-26,2020Q1,2020,2020-01,2020-01-25,2020-01-20/2020-01-26,2020Q1
d23347d6,efd71a3157f88729,2020-01-31,2020-02-02,,JBL Quantum 100 Gaming Headset,ab0f,18.27,website,direct,desktop,CA,2020,2020-01,2020-01-31,2020-01-27/2020-02-02,2020Q1,2020,2020-02,2020-02-02,2020-01-27/2020-02-02,2020Q1
231a8a05,f34855c49d917208,2020-01-20,2020-01-23,,Nintendo Switch,8d0d,168.0,website,direct,desktop,RO,2020,2020-01,2020-01-20,2020-01-20/2020-01-26,2020Q1,2020,2020-01,2020-01-23,2020-01-20/2020-01-26,2020Q1
052c1e82,f38faf022b25230,2020-01-30,2020-02-01,,27in 4K gaming monitor,891b,445.58,website,direct,desktop,US,2020,2020-01,2020-01-30,2020-01-27/2020-02-02,2020Q1,2020,2020-02,2020-02-01,2020-01-27/2020-02-02,2020Q1
052c1e82,f38faf022b25230,2020-01-30,2020-02-01,,27in 4K gaming monitor,891b,445.58,website,direct,desktop,US,2020,2020-01,2020-01-30,2020-01-27/2020-02-02,2020Q1,2020,2020-02,2020-02-01,2020-01-27/2020-02-02,2020Q1
acecc487,f46730d231a73274,2020-01-27,2020-01-29,,27in 4K gaming monitor,891b,412.16,website,direct,desktop,GB,2020,2020-01,2020-01-27,2020-01-27/2020-02-02,2020Q1,2020,2020-01,2020-01-29,2020-01-27/2020-02-02,2020Q1
acecc487,f46730d231a73274,2020-01-27,2020-01-29,,27in 4K gaming monitor,891b,412.16,website,direct,desktop,GB,2020,2020-01,2020-01-27,2020-01-27/2020-02-02,2020Q1,2020,2020-01,2020-01-29,2020-01-27/2020-02-02,2020Q1
6429fa5f,f4b96daf22443361,2020-01-29,2020-01-31,,Nintendo Switch,e682,168.0,website,direct,desktop,US,2020,2020-01,2020-01-29,2020-01-27/2020-02-02,2020Q1,2020,2020-01,2020-01-31,2020-01-27/2020-02-02,2020Q1
4897f8ea,f7226ef5d1832395,2020-01-24,2020-01-25,,Nintendo Switch,e682,168.0,website,direct,desktop,US,2020,2020-01,2020-01-24,2020-01-20/2020-01-26,2020Q1,2020,2020-01,2020-01-25,2020-01-20/2020-01-26,2020Q1
4db9b917,f7945ab92e434529,2020-01-29,2020-01-31,,JBL Quantum 100 Gaming Headset,ab0f,25.49,website,direct,desktop,GB,2020,2020-01,2020-01-29,2020-01-27/2020-02-02,2020Q1,2020,2020-01,2020-01-31,2020-01-27/2020-02-02,2020Q1
b4464edb,f849d985ca276410,2020-01-25,2020-01-27,,JBL Quantum 100 Gaming Headset,ab0f,23.06,website,email,mobile,DK,2020,2020-01,2020-01-25,2020-01-20/2020-01-26,2020Q1,2020,2020-01,2020-01-27,2020-01-27/2020-02-02,2020Q1
c1c40ee1,f8b8868060282010,2020-01-23,2020-01-26,,27in 4K gaming monitor,891b,480.0,website,direct,desktop,IN,2020,2020-01,2020-01-23,2020-01-20/2020-01-26,2020Q1,2020,2020-01,2020-01-26,2020-01-20/2020-01-26,2020Q1
c1c40ee1,f8b8868060282010,2020-01-23,2020-01-26,,27in 4K gaming monitor,891b,480.0,website,direct,desktop,IN,2020,2020-01,2020-01-23,2020-01-20/2020-01-26,2020Q1,2020,2020-01,2020-01-26,2020-01-20/2020-01-26,2020Q1
25edf7f5,face7dec61918369,2020-01-24,2020-01-27,12/18/2021,Nintendo Switch,e682,190.79,website,direct,desktop,IL,2020,2020-01,2020-01-24,2020-01-20/2020-01-26,2020Q1,2020,2020-01,2020-01-27,2020-01-27/2020-02-02,2020Q1
71bdc355,fae0bec350e48888,2020-01-22,2020-01-25,,Nintendo Switch,8d0d,153.08,website,direct,desktop,JP,2020,2020-01,2020-01-22,2020-01-20/2020-01-26,2020Q1,2020,2020-01,2020-01-25,2020-01-20/2020-01-26,2020Q1
8b8daee8,fb26e69e0c859280,2020-01-30,2020-02-01,,27in 4K gaming monitor,891b,312.0,website,direct,desktop,US,2020,2020-01,2020-01-30,2020-01-27/2020-02-02,2020Q1,2020,2020-02,2020-02-01,2020-01-27/2020-02-02,2020Q1
8b8daee8,fb26e69e0c859280,2020-01-30,2020-02-01,,27in 4K gaming monitor,891b,312.0,website,direct,desktop,US,2020,2020-01,2020-01-30,2020-01-27/2020-02-02,2020Q1,2020,2020-02,2020-02-01,2020-01-27/2020-02-02,2020Q1
af7d9829,fc629d3dc5474356,2020-01-30,2020-02-02,,27in 4K gaming monitor,891b,360.42,website,affiliate,unknown,US,2020,2020-01,2020-01-30,2020-01-27/2020-02-02,2020Q1,2020,2020-02,2020-02-02,2020-01-27/2020-02-02,2020Q1
af7d9829,fc629d3dc5474356,2020-01-30,2020-02-02,,27in 4K gaming monitor,891b,360.42,website,affiliate,unknown,US,2020,2020-01,2020-01-30,2020-01-27/2020-02-02,2020Q1,2020,2020-02,2020-02-02,2020-01-27/2020-02-02,2020Q1
f3c221a7,fcdb2543496103038,2020-01-23,2020-01-25,,Sony PlayStation 5 Bundle,54ed,1814.23,website,direct,desktop,FR,2020,2020-01,2020-01-23,2020-01-20/2020-01-26,2020Q1,2020,2020-01,2020-01-25,2020-01-20/2020-01-26,2020Q1
5271eb00,fe85938cdb036366,2020-01-27,2020-01-30,,Nintendo Switch,e682,139.2,website,direct,desktop,CH,2020,2020-01,2020-01-27,2020-01-27/2020-02-02,2020Q1,2020,2020-01,2020-01-30,2020-01-27/2020-02-02,2020Q1
5d100c1c,fe988919dff40598,2020-01-24,2020-01-26,,Nintendo Switch,8d0d,175.86,website,direct,desktop,GB,2020,2020-01,2020-01-24,2020-01-20/2020-01-26,2020Q1,2020,2020-01,2020-01-26,2020-01-20/2020-01-26,2020Q1
8822241b,ff6de27f17c57848,2020-01-26,2020-01-28,,Nintendo Switch,8e5d,162.2,mobile app,social media,tablet,US,2020,2020-01,2020-01-26,2020-01-20/2020-01-26,2020Q1,2020,2020-01,2020-01-28,2020-01-27/2020-02-02,2020Q1
